,id,nterm,seq,cterm,target,mod,db,len,stereo,pdb,topology,comments
47,102,,ALWKTLLKKVLKAAAKAALKAVLVGANA,,Staphylococcus aureus MIC 1-4 µg/ml Escherichia coli MIC 1-16 µg/ml Leishmania major (promastigote) LC50 1.5 µM Staphylococcus aureus B38302 MIC 2±1 µM Escherichia coli MG1655 MIC 0.19 µg/ml Pseudomonas aeruginosa PAO1 MIC 0.39 µg/ml HSV-2 EC50 2.10 µM Acinetobacter baumannii MIC 3.125 µg/ml Human epidermoid cancer Hep2 50% Cytotoxicity 75.71 µg/ml Human cervical carcinoma HeLa 50% Cytotoxicity 37.39 µg/ml Escherichia coli MG1655 83% Inhibition 0.38 µg/ml Pseudomonas aeruginosa PAO1 83% Inhibition 0.78 µg/ml Human erythrocytes 50% Hemolysis 0.5±0.2 µM Human microglial cells HMC3 50% Cytotoxicity 20.89 µg/ml,,DBAASP,28,L,,Linear,
90,146,,KRIVQRIKDFLR,,HIV IC50 REP >63.5 µM Acinetobacter baumannii MIC 128-256 µg/ml Staphylococcus aureus NCTC 6571 MIC 8.4±6.3 µg/ml Escherichia coli ATCC 25922 MIC 2.5 µM Staphylococcus aureus ATCC 29213 MIC 10 µM Human histiocytic lymphoma U-937/GTB 15% Cell death 100 µM Streptococcus gordonii ATCC 10558 MIC >2500 µg/ml Staphylococcus aureus SH1000 MIC >200 µg/ml Pseudomonas aeruginosa PAO1 MIC 200 µg/ml Escherichia coli E423-17 MIC 2 µM Staphylococcus aureus USA 300 LAC MIC 2 µM Staphylococcus aureus USA 300 LAC MIC 4 µM Escherichia coli E423-17 MIC 2-4 µM Candida albicans NCTC 3179 0% Inhibition 10 µg/ml Escherichia coli ATCC 25922 0% Inhibition 4.2 µg/ml CEM-SS cells 50% cell death >63.5 µM Human erythrocytes 50% Hemolysis >80 µM,,DBAASP,12,L,,Linear,
103,160,,VRRFPWWWPFLRR,,Aspergillus fumigatus MIC 250  µg/ml Escherichia coli KCTC 1682 MIC 32 µg/ml Pseudomonas aeruginosa KCTC 1637 MIC 32 µg/ml Staphylococcus aureus KCTC 1621 MIC 16 µg/ml Candida albicans KCTC 7965 MIC 32 µg/ml Staphylococcus aureus MIC 10-20 µg/ml Staphylococcus aureus MBC 20 µg/ml Proteus vulgaris KCTC 2433 MIC 64 µg/ml Human breast adenocarcinoma MDA-MB-361 IC50 142 µg/ml Xanthomonas citri MBC 8 µM Sinorhizobium meliloti USDA 1002 MBC 8 µM Methylobacterium sp. - NA  Escherichia coli D31 MIC 1.9±0.7 µM Pseudomonas aeruginosa MBC 0.5-32 µg/ml Human erythrocytes 37% Hemolysis 100 µg/ml Mouse fibroblasts NIH 3T3 IC50 145 µg/ml Human PBMC IC50 40.6 µM Staphylococcus aureus KCTC 1621 3079 MIC µg/ml Staphylococcus aureus KCTC 1621 3080 MIC µg/ml Pseudomonas aeruginosa Colistin MIC µg/ml Pseudomonas aeruginosa Ceftazidime MIC µg/ml Pseudomonas aeruginosa Amikacin MIC µg/ml,,DBAASP,13,L,,Linear,
138,197,,KKLFKKILKYL,AMD,Xanthomonas campestris pv. Vesicatoria 2133-2 MIC 5-7.5 µM Erwinia amylovora PMV 6076 MIC 2.5-5 µM Escherichia coli ATCC 25922 MBC 3.0±0.6 µM Escherichia coli CGSC 5167 MBC 1.3±0.5 µM Klebsiella pneumoniae ATCC 13883 MBC 3.5±0.5 µM Klebsiella pneumoniae ATCC 700603 MBC 4.0±0.0 µM Pseudomonas aeruginosa ATCC 10145 MBC 8.0±0.0 µM Staphylococcus aureus ATCC 25923 MBC 32.0±0.0 µM Staphylococcus aureus ATCC 33591 MBC 28.0±4.0 µM Streptococcus pneumoniae ATCC 33400 MBC 32.0±0.0 µM Streptococcus pneumoniae ATCC 700677 MIC 28.0±4.0 µM Enterococcus faecium ATCC 35667 MBC 32.0±0.0 µM Enterococcus faecium ATCC 51559 MBC 16.0±0.0 µM Pseudomonas aeruginosa ATCC 27853 MIC 4.0±0.0 µM Human breast adenocarcinoma MCF-7 IC50 27.6±3.0 µM Human myelogenous leukemia K562 IC50 30.4±2.7 µM Human pancreatic adenocarcinoma CAPAN-1 IC50 57.7±13.3 µM Pseudomonas syringae pv. syringae EPS 94 MIC 3.1-6.2 µM Xanthomonas arboricola pv. pruni CFBP 5563 MIC 1.6-3.1 µM Xanthomonas campestris pv. Vesicatoria 2133-2 MIC 3.1-6.2 µM Fusarium oxysporum f. sp. lycopersici ATCC 201829 MIC 0.8-1.6 µM Human hepatocellular carcinoma HepG2 IC50 27.9±3.1 µM Pseudomonas aeruginosa DSM 1117 MIC 5 µM Staphylococcus epidermidis DSM 1798 MIC 10 µM Escherichia coli ATCC 25922 MBC 2.4 µg/ml Pseudomonas aeruginosa ATCC 27853 MBC 2.4 µg/ml Staphylococcus aureus ATCC 29213 MBC 38 µg/ml Enterococcus faecalis ATCC 29212 MBC 154-307 µg/ml Pseudomonas syringae pv. tomato DC3000 MIC 1-10 µM Human erythrocytes 54% Hemolysis 250 µM Human gastric epithelial cells GES-1 IC50 57.9±5.2 µM Mouse fibroblasts NIH 3T3 IC50 62.5±6.4 µM Horse erythrocytes 57±4.6% Hemolysis 375 µM Human erythrocytes 7% Hemolysis 1.25 µM Human erythrocytes 13% Hemolysis 5 µM Human erythrocytes 36% Hemolysis 20 µM Human erythrocytes 80% Hemolysis 80 µM,,DBAASP,11,L,,Linear,
170,230,,KWKLFKKIPKFLHLAKKF,AMD,Pseudomonas aeruginosa MIC 25 µg/ml Acinetobacter baumannii b-02 MIC 25 µg/ml Acinetobacter baumannii b-04 MIC 12.5  µg/ml Fusarium oxysporum KACC 40902 MIC 4-8 µg/ml Aspergillus niger KCTC 6461 MIC >64 µg/ml Cryptococcus neoformans KCCM 50544 MIC 32-64 µg/ml Candida albicans KCTC 7121 MIC <1 µg/ml Candida albicans KCTC 7728 MIC 4-8 µg/ml Candida albicans KCTC 7965 MIC 32-64 µg/ml Candida albicans KCTC 7122 MIC 8-16 µg/ml Escherichia coli KCCM 11569 MIC <1 µg/ml Staphylococcus aureus CCARM 3001 MIC 4-8 µg/ml Staphylococcus aureus CCARM 3001 MIC >64 µg/ml Staphylococcus aureus CCARM 3543 MIC 16-32 µg/ml Staphylococcus aureus CCARM 3543 MIC 16-32 µg/ml Staphylococcus aureus CCARM 3570 MIC 16-32 µg/ml Staphylococcus aureus CCARM 3570 MIC >64 µg/ml Staphylococcus aureus CCARM 3570 MIC 16-32 µg/ml Staphylococcus aureus CCARM 3570 MIC >64 µg/ml Staphylococcus aureus CCARM 3572 MIC >64 µg/ml Staphylococcus aureus CCARM 3572 MIC >64 µg/ml Pseudomonas aeruginosa CCARM 2002 MIC 4-8 µg/ml Pseudomonas aeruginosa CCARM 2002 MIC 16-32 µg/ml Pseudomonas aeruginosa CCARM 2092 MIC 8-16 µg/ml Pseudomonas aeruginosa CCARM 2092 MIC >64 µg/ml Pseudomonas aeruginosa CCARM 2095 MIC 4-8 µg/ml Pseudomonas aeruginosa CCARM 2095 MIC 32-64 µg/ml Pseudomonas aeruginosa CCARM 2109 MIC 4-8 µg/ml Pseudomonas aeruginosa CCARM 2109 MIC >64 µg/ml Pseudomonas aeruginosa CCARM 2109 MIC 8-16 µg/ml Enterococcus faecium CCARM 5028 MIC 2-4 µg/ml Enterococcus faecium CCARM 5028 MIC >64 µg/ml Enterococcus faecium CCARM 5029 MIC 4-8 µg/ml Enterococcus faecium CCARM 5029 MIC >64 µg/ml Human myelogenous leukemia K562 IC50 8.28 µM Salmonella typhimurium KCTC 1926 MIC 1 µM Bacillus subtilis KCTC 3068 MIC 1 µM Staphylococcus epidermidis KCTC 1917 MIC 1 µM Bacillus subtilis KCTC 1918 MIC 0.78 µM Human breast adenocarcinoma MDA-MB-361 IC50 8.0 µM Human myelogenous leukemia K562 IC50 3.5 µM Human erythrocytes 0% Hemolysis 250 µg/ml Mouse fibroblasts NIH 3T3 IC50 75.0 µM,,DBAASP,18,L,,Linear,
193,257,,LKlLKkLlkKLLkLL,AMD,Pseudomonas aeruginosa ATCC 27853 MIC 5.6  µg/ml Escherichia coli ATCC 25922 MIC 7 µM Staphylococcus epidermidis LT1324 MIC 1 µM Acinetobacter baumannii ATCC 19606 MIC 13 µM Staphylococcus simulans MIC 1 µM Human prostate carcinoma 22RV1 LC50 6 µM Human breast adenocarcinoma MDA-MB-231 LC50 3 µM Streptococcus Group B Del-dltA MIC90 2.2 µM Pseudomonas aeruginosa PAO1 MIC90 1.56 µM Pseudomonas aeruginosa PAO1 MBEC50 25-50 µM Human erythrocytes 0% Hemolysis 180 µg/ml Mouse fibroblasts NIH 3T3 LC50 100 µM Human breast cells 2783N LC50 20 µM,,DBAASP,15,Mix,,Linear,
196,260,,RWRWRW,AMD,Escherichia coli D31 IC50 16 µM Escherichia coli ATCC 25922 MIC 5 µg/ml Staphylococcus aureus ATCC 25923 MIC 5 µg/ml Staphylococcus aureus ATCC BAA-44 MBC50 15 µM Fusarium oxysporum MIC 32 µM Staphylococcus aureus USA 300 MIC 12.5 µM Candida albicans ATCC 90028 MIC >100 µM Staphylococcus aureus DSM 20231 MIC 16 µg/ml Staphylococcus aureus ATCC 43300 MIC 8 µg/ml Staphylococcus aureus MU50 MIC 64 µg/ml Escherichia coli W3110 MIC >64 µg/ml Pseudomonas aeruginosa PAO1 MIC >64 µg/ml Acinetobacter baumannii DSM 30007 MIC 21 µM Bacillus subtilis DSM 402 MIC 1.3 µM Staphylococcus aureus ATCC 43300 MIC 5.3 µM Staphylococcus simulans 22 MIC 5.0±0.0 µM Bacillus subtilis DSM 402 MIC 3.5±1.8 µM Micrococcus luteus MIC 0.6±0.0 µM Human colon adenocarcinoma HT29 IC50 132±12 µM Escherichia coli DSM 30083 MIC 21 µM Pseudomonas aeruginosa DSM 50071  NA  Staphylococcus aureus ATCC 43300 MIC 6 µM Sheep erythrocytes 50% Hemolysis 210 µM Human erythrocytes 17% Hemolysis 333 µM,,DBAASP,6,L,,Linear,
200,264,ACT,KWKSFAKTFKSAKKTVLHTALKAISS,AMD,Pseudomonas aeruginosa PAO1 MIC 125 µg/ml Pseudomonas aeruginosa PAK MIC 250 µg/ml Pseudomonas aeruginosa M2 MIC 250 µg/ml Human lung carcinoma A549 IC50 53.1±0.06 µM Human breast adenocarcinoma MCF-7 IC50 62.3±0.08 µM Human rhabdomyosarcoma IC50 >83.6 µM Mouse skin melanoma B16 IC50 62.6±0.07 µM Staphylococcus aureus ATCC 25923 MIC >125 µM Pseudomonas aeruginosa ATCC 27853 MIC 125 µM Human gastric cancer SGC-7901 IC50 78.87 µM Human erythrocytes <5% Hemolysis 500 µM,,DBAASP,26,L,,Linear,
201,265,ACT,KWKSFLKTFKSAKKTVLHTALKAISS,AMD,Pseudomonas aeruginosa PAO1 MIC 31.3 µg/ml Pseudomonas aeruginosa PAK MIC 125 µg/ml Pseudomonas aeruginosa M2 MIC 31.3 µg/ml Pseudomonas aeruginosa MIC 8 µg/ml Escherichia coli DC2 MIC 1.6 µg/ml Salmonella typhimurium C610 MIC 1.3 µg/ml Pseudomonas aeruginosa H188 MIC 5.0 µg/ml Staphylococcus aureus SAP 0017 MIC 64.0 µg/ml Bacillus subtilis C971 MIC 1.6 µg/ml Corynebacterium xerosis C875 MIC 1.3 µg/ml Bacillus subtilis ATCC 6633 MIC 32 µg/ml Escherichia coli K91BK MIC >100 µM Bacillus subtilis var. niger ATCC 9372 IC50 3.94±0.20 µM Escherichia coli ATCC 25922 MIC 16 µg/ml Staphylococcus aureus ATCC 25923 MIC 16 µg/ml Escherichia coli ATCC 25922 MIC 32 µg/ml Pseudomonas aeruginosa ATCC 27853 MIC 32 µg/ml Pseudomonas aeruginosa ATCC 27853 MIC 128 µg/ml Staphylococcus epidermidis ATCC 12228 MIC 32 µg/ml Staphylococcus epidermidis ATCC 12228 MIC 4 µg/ml Bacillus subtilis ATCC 6633 MIC 16 µg/ml Bacillus subtilis ATCC 6633 MIC 128 µg/ml Pseudomonas aeruginosa MIC 16 µg/ml Klebsiella pneumoniae MIC 8 µg/ml Streptococcus pneumoniae MIC 8 µg/ml Streptococcus beta-hemolytic MIC 64 µg/ml Human melanoma A375 IC50 17.8±0.62 µM Human colon adenocarcinoma SW1116 IC50 11.1±0.37 µM Human lung carcinoma H1299 IC50 4.7±0.16 µM Human cervical carcinoma HeLa IC50 10.4±0.37 µM Escherichia coli DH5alpha MIC 2 µg/ml Human erythrocytes 0% Hemolysis 250.0 µg/ml,,DBAASP,26,L,,Linear,
203,267,ACT,KWKSFLKTFKSLKKTVLHTALKAISS,AMD,Pseudomonas aeruginosa PAO1 MIC 15.6 µg/ml Pseudomonas aeruginosa PAK MIC 31.3 µg/ml Pseudomonas aeruginosa M2 MIC 15.6 µg/ml Human lung carcinoma A549 IC50 11.1±0.08 µM Human breast adenocarcinoma MCF-7 IC50 5.0±0.03 µM Human rhabdomyosarcoma IC50 7.5±0.04 µM Mouse skin melanoma B16 IC50 5.2±0.04 µM Human erythrocytes 0% Hemolysis 31.3 µg/ml,,DBAASP,26,L,,Linear,
204,268,ACT,KWKSFLKTFKSAKKTVLHTLLKAISS,AMD,Pseudomonas aeruginosa PAO1 MIC 7.8 µg/ml Pseudomonas aeruginosa PAK MIC 31.3 µg/ml Pseudomonas aeruginosa M2 MIC 15.6 µg/ml Human lung carcinoma A549 IC50 8.7±0.05 µM Human breast adenocarcinoma MCF-7 IC50 5.1±0.02 µM Human rhabdomyosarcoma IC50 9.8±0.05 µM Mouse skin melanoma B16 IC50 7.8±0.03 µM Staphylococcus aureus ATCC 25923 MIC 8 µM Pseudomonas aeruginosa ATCC 27853 MIC 8 µM Human gastric cancer SGC-7901 IC50 6.62 µM Human erythrocytes <5% Hemolysis 32 µM,,DBAASP,26,L,,Linear,
206,270,ACT,KWKSFLKTFKSLKKTVLHTLLKAISS,AMD,Pseudomonas aeruginosa PAO1 MIC 62.5 µg/ml Pseudomonas aeruginosa PAK MIC 62.5 µg/ml Pseudomonas aeruginosa M2 MIC 62.5 µg/ml Human cervical carcinoma HeLa IC50 1.71±0.07 µM Human melanoma A375 IC50 8.7±0.20 µM Human colon adenocarcinoma SW1116 IC50 4.3±0.08 µM Human lung carcinoma H1299 IC50 4.1±0.1 µM Staphylococcus aureus ATCC 25923 MIC 8 µM Pseudomonas aeruginosa ATCC 27853 MIC 8 µM Human gastric cancer SGC-7901 IC50 2.96 µM Human erythrocytes <5% Hemolysis 4 µM,,DBAASP,26,L,,Linear,
207,271,ACT,KWKSFLKTFKSLKKTVLHTLLKLISS,AMD,Pseudomonas aeruginosa PAO1 MIC 500 µg/ml Pseudomonas aeruginosa PAK MIC 500 µg/ml Pseudomonas aeruginosa M2 MIC 500 µg/ml Human lung carcinoma A549 IC50 9.2±0.13 µM Human breast adenocarcinoma MCF-7 IC50 5.7±0.07 µM Human rhabdomyosarcoma IC50 5.5±0.07 µM Mouse skin melanoma B16 IC50 4.6±0.07 µM Human erythrocytes 5% Hemolysis 2.6±0.01 µM,,DBAASP,26,L,,Linear,
295,360,,GIGKFLHSAKKFGKAFVGEIMNS,,Bacillus subtilis ATCC 62037 MIC 64 µg/ml Staphylococcus aureus ATCC 15752 MIC 64 µg/ml Streptococcus mutans ATCC 25175 MIC 128 µg/ml Escherichia coli ATCC 27325 MIC 128 µg/ml Pseudomonas putida ATCC 17426 MIC 64 µg/ml Salmonella enterica subsp. enterica serovar Enteritidis ATCC 13076 MIC 32 µg/ml Cryptococcus neoformans ATCC 34881 MIC 16 µg/ml Saccharomyces cerevisiae ATCC 44774 MIC 32 µg/ml Candida albicans ATCC 10231 MIC 32 µg/ml Candida albicans ATCC 10231 IC50 0.3±0.1 µM Escherichia coli D22 MIC50 15 µM Bacillus megaterium MA MIC50 10 µM Staphylococcus aureus ATCC 6538 MIC 40 µg/ml Staphylococcus epidermidis ATCC 12228 MIC 10 µg/ml Mycobacterium smegmatis ATCC 607 MIC >50 µg/ml Escherichia coli ATCC 2592 MIC 20 µg/ml Proteus vulgaris ATCC 6380 MIC >50 µg/ml Candida albicans ATCC 36232 MIC 5 µg/ml Staphylococcus aureus MIC 50 µg/ml Streptococcus pneumoniae MIC 50 µg/ml Salmonella typhimurium MIC 25 µg/ml Pseudomonas putida MIC 50 µg/ml Cryptococcus neoformans MIC 12 µg/ml Escherichia coli MIC 12.5 µg/ml Enterobacter cloacae MIC 25 µg/ml Proteus mirabilis MIC >400 µg/ml Shigella flexneri MIC 3.12 µg/ml Salmonella enterica subsp. enterica serovar Anatum MIC 50 µg/ml Pseudomonas aeruginosa MIC 100 µg/ml Klebsiella oxytoca MIC 50 µg/ml Enterococcus faecalis ATCC 29212 MIC 400 µg/ml Staphylococcus aureus ATCC 29213 MIC 25 µg/ml Escherichia coli ATCC 25922 MIC 12.5 µg/ml Pseudomonas aeruginosa ATCC 27953 MIC 6.25 µg/ml Escherichia coli ATCC 25922 MIC50 50 µg/ml Klebsiella pneumoniae ATCC 13883 MIC 100 µg/ml Streptococcus agalactiae ATCC 12386 MIC50 50 µg/ml Staphylococcus aureus ATCC 29213 MIC >100 µg/ml Staphylococcus aureus ATCC 6538 MIC 25 µg/ml Candida albicans ATCC 36232 MIC >50 µg/ml Candida albicans ATCC 36232 MIC 50 µg/ml Candida albicans ATCC 36232 MIC >50 µg/ml Paramecium caudatum LC 10 µg/ml Euglena gracilis LC 10 µg/ml Klebsiella pneumoniae MIC 10 µg/ml Staphylococcus epidermidis MIC 10 µg/ml Enterobacter cloacae MIC 50 µg/ml Staphylococcus aureus MIC 50 µg/ml Pseudomonas aeruginosa MIC 100 µg/ml Proteus mirabilis MIC >100 µg/ml Human gastric adenocarcinoma AGS IC50 97 µM Pseudomonas aeruginosa KCTC 1637 MIC 8.0 µM Bacillus subtilis KCTC 3068 MIC 16 µM Staphylococcus aureus KCTC 1621 MIC 16 µM Salmonella typhimurium CCARM 8007 MIC 16.0 µM Escherichia coli CCARM 1229 MIC 32.0 µM Pseudomonas aeruginosa CCARM 2002 MIC 16.0 µM Pseudomonas aeruginosa CCARM 2163 MIC 16.0 µM Acinetobacter baumannii CCARM 12036 MIC 16.0 µM Acinetobacter baumannii CCARM 12005 MIC 32.0 µM Staphylococcus aureus CCARM 3108 MIC 8.0 µM Escherichia coli ATCC 25922 MIC 25-12.5 µM Human hepatocellular carcinoma Huh7 IC50 145.2 µM Mycobacterium avium MIC >128 µg/ml Pseudomonas aeruginosa DSM 1117 MIC >99 µM Staphylococcus epidermidis DSM 1798 MIC 99 µM Escherichia coli DSM 498 MIC 16-32 µg/ml Franconibacter helveticus DSM 18396 MIC 8-16 µg/ml Proteus myxofaciens DSM 4482 MIC >256 µg/ml Bacillus subtilis DSM 347 MIC 16-32 µg/ml Micrococcus luteus DSM 1790 MIC 16-32 µg/ml Staphylococcus aureus ATCC 25923 MIC 8 µg/ml Human erythrocytes 50% Hemolysis 19±1.0 µM Human erythrocytes 50% Hemolysis 8.0±0.1 µM Human erythrocytes 0% Hemolysis 25 µg/ml Human erythrocytes 2% Hemolysis 200 µg/ml Mouse fibroblasts NIH 3T3 50% Cell death >500 µM Human erythrocytes 50% Hemolysis >1000 µM Escherichia coli DSM 498 37 MIC µg/ml Franconibacter helveticus DSM 18396 37 MIC µg/ml Proteus myxofaciens DSM 4482 37 MIC µg/ml Bacillus subtilis DSM 347 37 MIC µg/ml Micrococcus luteus DSM 1790 37 MIC µg/ml Escherichia coli DSM 498 Ag nanoparticles (AgNP) MIC µg/ml Franconibacter helveticus DSM 18396 AgNO3 MIC µg/ml Bacillus subtilis DSM 347 AgNO3 MIC µg/ml Kocuria rhizophila DSM 348 AgNO3 MIC µg/ml Micrococcus luteus DSM 1790 AgNO3 MIC µg/ml Staphylococcus aureus ATCC 25923 Vancomycin MIC µg/ml,,DBAASP,23,L,,Linear,
376,447,,KWKLFKKIGAVLKVL,AMD,Leishmania sp. (promastigote) LD50 4.4 µM Micrococcus luteus ATCC 15307 LD50 0.8  µM Acinetobacter baumannii ATCC 19606 LD50 0.7 µM Escherichia coli D21 LC 1 µM Bacillus subtilis Bs11 LC 0.5 µM Staphylococcus aureus Cowan 1 LC 2 µM Plasmodium falciparum IC50 7.5 µM Leishmania donovani MHOM/S.D./00/1S-2D (promastigote) LC50 1.5±0.1 µM Leishmania mexicana pifanoi MHOM/VE/60/Ltrod (amastigote) LC50 4.5±0.2 µM Acinetobacter baumannii ATCC 19606 IC50 1.1±0.3 µM Acinetobacter baumannii Ab5755 MIC 4 µg/ml Escherichia coli Ec513 MIC 8 µg/ml Pseudomonas aeruginosa Pa4216 MIC 32 µg/ml Bacillus subtilis ATCC 6633 MIC 2 µg/ml Staphylococcus epidermidis ATCC 14490 MIC 1 µg/ml Klebsiella pneumoniae ATCC 200603 MIC 2 µg/ml Candida albicans ATCC 10231 MIC 128 µg/ml Streptococcus pneumoniae ATCC 49619 MIC 1.2 µM Enterococcus faecalis PCM 2673 MIC 8 µg/ml Staphylococcus aureus ATCC 9144 MIC 4 µg/ml Escherichia coli ATCC 25922 MIC 2 µg/ml Klebsiella pneumoniae ATCC 700603 MIC 0.125 µg/ml Aspergillus niger ATCC 16404 MIC 16 µg/ml Candida glabrata ATCC 15126 MIC 64 µg/ml Acinetobacter baumannii ATCC 19606 MBC 4 µg/ml Escherichia coli KPC 001812446 MIC 2 µM Klebsiella pneumoniae KPC 001825971 MIC 16 µM Pseudomonas aeruginosa ATCC 27853 MIC 2 µM Staphylococcus aureus ATCC 25923 MIC 2 µM Human cervical carcinoma HeLa S3 LD50 30 µg/ml Human breast adenocarcinoma MCF-7 LD50 45 µg/ml Staphylococcus aureus 357426 MIC 8 µg/ml Staphylococcus aureus 348839 MIC 8 µg/ml Staphylococcus aureus ATCC 43300 MIC 8 µg/ml Staphylococcus aureus MBC 1-32 µg/ml Staphylococcus aureus ATCC 43300 MBC 4 µg/ml Clostridioides difficile 630 MBC 3.906 µg/ml Acinetobacter baumannii ATCC 19606 MBEC 128 µg/ml Sheep erythrocytes 50% Hemolysis 40.2±2.2 µM Human PBMC IC50 12.9±2.51 µM Mouse erythrocytes 40±5% Hemolysis 34 µM Staphylococcus aureus 357426 506 MIC µg/ml Staphylococcus aureus 357426 7927 MIC µg/ml Staphylococcus aureus 355872 1320 MIC µg/ml Staphylococcus aureus 348839 506 MIC µg/ml Staphylococcus aureus 348839 7927 MIC µg/ml Staphylococcus aureus ATCC 43300 1320 MIC µg/ml Staphylococcus aureus ATCC 43300 Amoxicillin/clavulanate MIC µg/ml Staphylococcus aureus ATCC 43300 Ciprofloxacin MIC µg/ml Staphylococcus aureus ATCC 43300 Rifampicin MIC µg/ml,,DBAASP,15,L,,Linear,
418,491,,ILPWKWPWWPWRR,AMD,Staphylococcus aureus ATCC 25923 MIC 8 µg/ml Staphylococcus haemolyticus MIC 2 µg/ml Enterococcus faecalis ATCC 29212 MIC >64 µg/ml Streptococcus pyogenes ATCC 19615 MIC 4 µg/ml Escherichia coli ATCC 25922 MSC 1.8 µM Cryptococcus neoformans ATCC 66031 MSC 3.6 µM Pseudomonas aeruginosa KCTC 1637 MIC 40 µg/ml Bacillus subtilis KCTC 3068 MIC 10 µg/ml Escherichia coli ATCC 25922 MIC 10 µM Staphylococcus aureus CCARM 3696 MIC 16 µg/ml Micrococcus luteus KCTC 9341 MIC 4 µg/ml Listeria monocytogenes KCTC 19111 MIC 64 µg/ml Escherichia coli KCTC 1039 MIC 8 µg/ml Citrobacter freundii KCTC 2359 MIC 8 µg/ml Pseudomonas aeruginosa H1001 MIC 38 µg/ml Staphylococcus aureus CCARM 3001 MIC 8 µM Pseudomonas aeruginosa CCARM 2095 MIC 32 µM Staphylococcus aureus KCTC 1621 MIC 8 µg/ml Escherichia coli W160-37 MIC 5 µg/ml Saccharomyces cerevisiae PEP 4/3 MIC 20-25 µg/ml HIV-1 IC50 IN 3'EP 60 µM Escherichia coli ATCC 11775 MIC 32 µg/ml Bacillus subtilis ATCC 6633 MIC 32 µg/ml Acinetobacter sp. MIC 64 µg/ml Acinetobacter baumannii Ab5753 MIC >128 µg/ml Acinetobacter baumannii Ab1408 MIC >128 µg/ml Pseudomonas aeruginosa Pa1409 MIC >128 µg/ml Staphylococcus aureus Sa1390 MIC >128 µg/ml Escherichia coli DH5alpha MIC 4 µM Klebsiella pneumoniae MIC 10 µM Streptococcus pneumoniae MIC 15.62-31.25 µg/ml Staphylococcus aureus ATCC 25923 MIC 31.25 µg/ml Pseudomonas aeruginosa ATCC 15442 MIC 31.25 µg/ml Enterobacter cloacae MIC >250 µg/ml Klebsiella pneumoniae MIC >250 µg/ml Mycobacterium tuberculosis MIC 32-64 µg/ml Staphylococcus aureus ATCC 29213 MIC 16 µg/ml Pseudomonas aeruginosa PAO1 H103 MIC 32 µg/ml Escherichia coli ATCC 25922 MIC 7 µM Escherichia coli ATCC 25922 MIC 3-4 µM Escherichia coli ATCC 11775 MIC 6 µM Escherichia coli ML-35p MIC 4 µM Salmonella enterica subsp. enterica serovar Typhi Vi+ MIC 3 µM Klebsiella pneumoniae ATCC 13883 MIC 2 µM Pseudomonas aeruginosa ATCC 27853 MIC 5 µM Staphylococcus epidermidis MTCC 435 MIC 3 µM Bacillus subtilis MTCC 121 MIC 3 µM Mycobacterium smegmatis mc2-155 MIC 5 µM Escherichia coli HB101 MIC 16 µg/ml Human colon adenocarcinoma SW480 LD50 345 µg/ml Human lung carcinoma H1299 LD50 270 µg/ml Human prostate adenocarcinoma PC-3 LD50 290 µg/ml Pseudomonas aeruginosa 910 MIC 32 µM Pseudomonas aeruginosa 253 MIC 64-128 µM Transmissible gastroenteritis coronavirus (TGEV/PCoV) 20.8% Inhibition 3.91 µg/ml Transmissible gastroenteritis coronavirus (TGEV/PCoV) 74.1% Inhibition 62.5 µg/ml Human erythrocytes 5% Hemolysis 50 µg/ml Human erythrocytes 35% Hemolysis 100 µg/ml Human erythrocytes 23% Hemolysis 15 µM Human erythrocytes 56.98% Hemolysis 250 µg/ml Human erythrocytes 10% Hemolysis 64 µg/ml Murine macrophage cells J774A.1 LD50 11 µM Escherichia coli HB101 1059 MIC µg/ml Escherichia coli HB101 764 MIC µg/ml Pseudomonas aeruginosa 910 Polymyxin B MIC µM Pseudomonas aeruginosa 910 Meropenem MIC µM Pseudomonas aeruginosa 910 Piperacillin MIC µM Pseudomonas aeruginosa 910 Kanamycin MIC µM Pseudomonas aeruginosa 910 Gentamicin MIC µM Pseudomonas aeruginosa 910 Erythromycin MIC µM Pseudomonas aeruginosa 910 Ciprofloxacin MIC µM,,DBAASP,13,L,,Linear,
461,536,,GLFGKLIKKFGRKAISYAVKKARGKH,,Arthrobacter globiformis VKM Ac-1112 MIC 0.7 µM Escherichia coli DH5alpha MIC 0.5 µM Pseudomonas aeruginosa PAO1 MIC 6.7 µM Saccharomyces cerevisiae Y190 MIC 54 µM Bacillus subtilis VKM B-501 MIC 0.7 µM Human myelogenous leukemia K562 EC50 3 µM Acinetobacter sp. DSM 586 MIC 2 µg/ml Staphylococcus xylosus DSM 20267 MIC 2 µg/ml Rabbit erythrocytes 20% Hemolysis 6.0 µM Human leukocytes 50% Cell death 18 µM,,DBAASP,26,L,,Linear,
486,564,,GKPRPYSPRPTSHPRPIRV,,Candida albicans ATCC 10231 LC50 3.5 µM Staphylococcus aureus USA 300 MIC >100 µM HIV-1 IIIB IC50 REP >45.5 µM Micrococcus luteus ATCC 10240 MIC 0.5 µg/ml Klebsiella pneumoniae MIC 16-64 µg/ml Human hepatocellular carcinoma HepG2 - NA  Escherichia coli DSM 10233 MIC 4 µg/ml Escherichia coli ATCC 25922 MIC 0.8±0.05 µM Escherichia coli ATCC 35218 MIC 0.4±0.03 µM Salmonella enterica subsp. enterica serovar Typhi Vi+ MIC 3±0.25 µM Micrococcus luteus DSM 1790 MIC 0.5 µg/ml Escherichia coli BW25113 MIC 128 µg/ml CEM-SS cells 50% Cell death >45.5 µM Human erythrocytes - NA  Pig erythrocytes <10% Hemolysis 100 µM,,DBAASP,19,L,,Linear,
487,565,,GFFGKMKEYFKKFGASFKRRFANLKKRL,AMD,Arthrobacter globiformis VKM Ac-1112 MIC 1.1 µM Escherichia coli DH5alpha MIC 0.6 µM Pseudomonas aeruginosa PAO1 MIC 18 µM Saccharomyces cerevisiae Y190 MIC >37 µM Bacillus subtilis VKM B-501 MIC 0.7 µM Human myelogenous leukemia K562 EC50 12 µM Acinetobacter sp. DSM 586 MIC 4 µg/ml Staphylococcus xylosus DSM 20267 MIC 4 µg/ml Rabbit erythrocytes 20% Hemolysis 40 µM Human erythrocytes 27% Hemolysis 256 µg/ml,,DBAASP,28,L,,Linear,
493,571,,KWKLFKKIEKVGQNIRDGIIKAGPAVAVVGQATQIAK,AMD,Escherichia coli D21 LC 0.19 µM Serratia marcescens Db11 LC 4.2 µM Serratia marcescens Db1121 LC 4.4 µM Pseudomonas aeruginosa OT97 LC 4.8 µM Bacillus megaterium Bm11 LC 0.70 µM Bacillus thuringiensis Bt11 LC >80 µM Enterococcus faecalis DS16 LC 74 µM Erwinia amylovora PMV 6076 MIC <1 µM Xanthomonas vesicatoria 2133-2 MIC <1 µM Pseudomonas syringae EPS 94 ED50 <0.3 µM Leishmania donovani LC50 >50 µM Klebsiella pneumoniae LC 0.33±0.021 µM Pseudomonas aeruginosa LC 1.43±0.004 µM Human myelogenous leukemia K562 IC50 20.0±1.1 µM Human lymphoblastic leukemia CCRF-CEM IC50 17.8±1.1 µM Mycobacterium avium MIC >128 µg/ml Staphylococcus aureus MIC 64 µg/ml Escherichia coli ATCC 25922 MBC 1 µM Staphylococcus aureus ATCC 6538P MBC 2 µM Candida albicans ATCC 10231 MBC 32 µM Escherichia coli ATCC 25922 MBIC 2 µM Staphylococcus aureus ATCC 6538P MBIC 2 µM Candida albicans ATCC 10231 MBIC 16 µM Human erythrocytes 1% Hemolysis 80 µg/ml Sheep erythrocytes 100% Hemolysis >200 µM Human erythrocytes 50% Hemolysis >100 µM Staphylococcus aureus ATCC 25923 Vancomycin MIC µg/ml,,DBAASP,37,L,,Linear,
495,573,,KWKVFKKIEKMGRNIRNGIVKAGPAIAVLGEAKAL,AMD,Escherichia coli D21 LC 0.32 µM Serratia marcescens Db1108 LC 2.4 µM Serratia marcescens 122 LC 2.9 µM Bacillus subtilis Bs11 LC 18 µM Enterococcus faecalis AD-4 LC 7.3 µM Acinetobacter calcoaceticus Ac11 LC 0.72 µM Streptococcus pyogenes LC 5 µM Escherichia coli NCTC 11954 MIC 3.3 µM Pseudomonas aeruginosa NCTC 10332 MIC 16.7 µM Staphylococcus epidermidis NCTC 11047 MIC 33.3 µM Clostridium perfringens NCTC 8237 - NA  Human gastric adenocarcinoma AGS IC50 >50 µM Human lymphoblastic leukemia CCRF-CEM IC50 11.7±1.3 µM Human lung carcinoma NCI-H661 IC50 >100 µM Pseudomonas aeruginosa OT97 LC 1.9 µM Micrococcus luteus Ml11 LC 1.3 µM Mycobacterium tuberculosis MIC 1200 µg/ml Staphylococcus aureus ATCC 6538 MIC >100 µg/ml Bacillus subtilis ATCC 6633 MIC >50 µM Salmonella typhimurium DA6192 MIC <3 µM Salmonella typhimurium DA23899 MIC >6 µM Human lymphoblast cells RPMI-7666 50% Cell death >200 µM Human fibroblasts WI-38 50% Cell death >100 µM Human erythrocytes <1% Hemolysis >250 µM,,DBAASP,35,L,,Linear,
513,609,,ALWDTLLKKVLKAAAKAALDAVLVGANA,,Escherichia coli TG1 IC50 80 µM Staphylococcus aureus 15981 MIC 25 µg/ml Human cervical carcinoma HeLa 50% Cytotoxicity 24.12 µg/ml HSV-2 Roi2 EC50 9.63 µM Escherichia coli MG1655 43% Inhibition 25 µg/ml Pseudomonas aeruginosa PAO1 30% Inhibition 25 µg/ml Human erythrocytes 50% Hemolysis 5±1 µM,,DBAASP,28,L,,Linear,
515,611,,ALWKTLLKKVLKAAAKAALNAVLVGANA,,Escherichia coli TG1 IC50 1±0.5 µM Staphylococcus aureus 15981 MIC 12.5 µg/ml Human cervical carcinoma HeLa 50% Cytotoxicity 28.11 µg/ml HSV-2 EC50 2.7 µM Escherichia coli MG1655 75% Inhibition 0.78 µg/ml Pseudomonas aeruginosa PAO1 80% Inhibition 25 µg/ml Human erythrocytes 50% Hemolysis 2±0.1 µM Vero cells 50% Cytotoxicity 12 µM,,DBAASP,28,L,,Linear,
520,616,,TLLKKVLKAAAKAALNAVLVGANA,,Escherichia coli TG1 IC50 3.5±0.5 µM Staphylococcus aureus 15981 MIC 25 µg/ml Human cervical carcinoma HeLa 50% Cytotoxicity 103.11 µg/ml HSV-2 Roi2 EC50 25.27 µM Escherichia coli MG1655 69% Inhibition 12.5 µg/ml Pseudomonas aeruginosa PAO1 63% Inhibition 25 µg/ml Human erythrocytes 50% Hemolysis 16.5±0.5 µM,,DBAASP,24,L,,Linear,
523,619,,ALWKTLLKKVLKAAAK,,Escherichia coli TG1 IC50 2.5±0.5 µM Pseudomonas aeruginosa PAO1 MIC 12.5 µg/ml Human cervical carcinoma HeLa 50% Cytotoxicity 28.51 µg/ml Acinetobacter baumannii MBC 12.5 µg/ml Zika virus (ZIKV) PF13 IC50 I 21.71 µg/ml Escherichia coli MG1655 63% Inhibition 6.25 µg/ml Pseudomonas aeruginosa PAO1 63% Inhibition 25 µg/ml Human erythrocytes 50% Hemolysis 57±3 µM Human microglial cells HMC3 50% Cytotoxicity 37.30 µg/ml,,DBAASP,16,L,,Linear,
530,626,,FLGALFKVASKVLPSVKCAITKKC,,Bacillus subtilis MIC 6.3 µg/ml Staphylococcus aureus MIC 3.1 µg/ml Escherichia coli MIC 12.5 µg/ml Salmonella typhimurium MIC 100 µg/ml Proteus mirabilis MIC >200 µg/ml Human renal carcinoma A498 IC50 138.06 µg/ml Human colon adenocarcinoma HCT 116 IC50 113.31 µg/ml Human gastric cancer MKN 45 IC50 34.96 µg/ml Human prostate adenocarcinoma PC-3 IC50 43.64 µg/ml Human ovarian adenocarcinoma SK-OV-3 IC50 38.28 µg/ml Human erythrocytes 7% Hemolysis 100 µg/ml,18 24 DSB SSB CST ,DBAASP,24,L,,Linear,
532,628,,GRFKRFRKKFKKLFKKLS,AMD,Escherichia coli ATCC 25922 MIC 2 µM Escherichia coli D21 MIC 4 µM Serratia marcescens ATCC 8100 MIC 2 µM Staphylococcus aureus Cowan 1 MIC 2 µM Staphylococcus epidermidis ATCC 12228 MIC 1 µM Candida albicans MIC 16 µM Escherichia coli KCTC 1682 MIC 4 µM Salmonella typhimurium KCTC 1926 MIC 2 µM Staphylococcus epidermidis KCTC 1917 MIC 4 µM Enterococcus faecium MIC 8–>32 µM Serratia marcescens MIC 4–>32 µM Staphylococcus aureus MIC 4–8 µM Escherichia coli KCTC 1682 MIC 2-4 µM Human lung carcinoma A549 50% Cytotoxicity >100 µM Staphylococcus aureus ATCC 25923 MIC 4 µM Human erythrocytes 10% Hemolysis 400< µM,,DBAASP,18,L,,Linear,
556,655,,FLGALFKWASK,,Bacillus subtilis MIC 12.5 µg/ml Staphylococcus aureus MIC 12.5 µg/ml Escherichia coli MIC 25 µg/ml Salmonella typhimurium MIC 100 µg/ml Proteus mirabilis MIC >200 µg/ml Human renal carcinoma A498 IC50 214.33 µg/ml Human colon adenocarcinoma HCT 116 IC50 144.37 µg/ml Human gastric cancer MKN 45 IC50 142.72 µg/ml Human prostate adenocarcinoma PC-3 IC50 174.15 µg/ml Human erythrocytes 7% Hemolysis 100 µg/ml,,DBAASP,11,L,,Linear,
573,672,,RGGRLCYCRRRFCVCVGR,AMD,Neisseria gonorrhoeae F62 MIC 0.61±0.03 µM Staphylococcus aureus 502a MBC 0.4±0.18 µg/ml Candida albicans 16820 MBC 0.8±0.35 µg/ml Bacillus subtilis BR151 MIC 6.3 µg/ml Enterococcus faecium A634 MIC 3.1 µg/ml Bacillus anthracis Sterne 7702 MEC 1.06±0.15 µg/ml Salmonella enterica subsp. enterica serovar Pullorum C79-13 MIC 8 µM Pseudomonas aeruginosa ATCC 27853 MIC 16 µM Staphylococcus epidermidis ATCC 12228 MIC 16 µM Bacillus subtilis CMCC 63501 MIC 8 µM Bacillus subtilis BR151 MIC 3.1 µg/ml Enterococcus faecium A634 MIC 3.1 µg/ml Escherichia coli ATCC 700926 MIC 0.25 µg/ml Klebsiella pneumoniae ATCC 13883 MIC 0.5 µg/ml Klebsiella pneumoniae ATCC BAA-2146 MIC 4 µg/ml Pseudomonas aeruginosa ATCC 27853 MIC 4 µg/ml Staphylococcus aureus ATCC 43300 MIC 4 µg/ml Cryptococcus neoformans ATCC 208821 MIC 0.06 µg/ml Human myelogenous leukemia KG-1 EC50 >80 µM Human lymphoblastic leukemia ARH-77 EC50 13.4±1.7 µM Acinetobacter baumannii MIC 4-8 µg/ml Human cervical carcinoma HeLa - NA  Escherichia coli K88 MIC 2 µM Escherichia coli UB1005 MIC 2 µM Murine macrophage cells RAW 264.7 LC 128 µM Human neuroblastoma SH-SY5Y IC50 719.2±59.5 µM Escherichia coli HB101 MIC 4 µg/ml Escherichia coli ML-35p MIC 3.1 µM Staphylococcus aureus ATCC 33591 MIC 3.8 µM Human myelogenous leukemia K562 MEC 1.25 µM Neisseria gonorrhoeae WHO Z MIC >16 µg/ml Pseudomonas aeruginosa CCARM 2180 MIC 10 µM Staphylococcus aureus KCCM 40510 MIC 10 µM Escherichia coli ML-35p MIC 0.8 µM Acinetobacter baumannii 7226/16 MIC 6.2 µM Klebsiella pneumoniae ESBL 344/17 MIC 3.1 µM Acinetobacter baumannii 7226/16 MBIC 12.4 µM Human erythrocytes 70% Hemolysis 80 µg/ml Human PBMC 50% Cell death 10±0.1 µM Mouse retinal cells 661W IC50 353.4±70.5 µM Human embryonic kidney HEK293T cells IC50 590.4±58.2 µM Human neutrophils IC50 391.1±71.3 µM Human erythrocytes 56.75 ±6.02% Hemolysis 50 µM Pseudomonas aeruginosa PAO1 H103 491 MIC µg/ml Staphylococcus aureus SAP 0017 491 MIC µg/ml Escherichia coli HB101 1059 MIC µg/ml Escherichia coli ML-35p Polymyxin B MIC µM Escherichia coli ML-35p Ofloxacin MIC µM Acinetobacter baumannii Polymyxin B MIC µM Acinetobacter baumannii Ofloxacin MIC µM Staphylococcus aureus ATCC 33591 Rifampicin MIC µM Staphylococcus aureus ATCC 33591 Gentamicin MIC µM Staphylococcus aureus ATCC 33591 Oxacillin MIC µM Micrococcus luteus A270 Polymyxin B MIC µM Micrococcus luteus A270 Ofloxacin MIC µM Human myelogenous leukemia K562 Gentamicin MEC µM Ehrlich's ascites carcinoma Gentamicin MEC µM Neisseria gonorrhoeae WHO Z PBT2/zinc MIC µg/ml Acinetobacter baumannii 7226/16 Dioxydine MIC µM Acinetobacter baumannii 7226/16 Prontosan MIC µM Acinetobacter baumannii 7226/16 Etidronic acid MIC µM Escherichia coli ESBL 521/17 Cocamidopropyl betaine MIC µg/ml Klebsiella pneumoniae ESBL 344/17 Cocamidopropyl betaine MIC µM,6 15 DSB SSB CST ,DBAASP,18,L,,Linear,
597,696,,KNLRRIIRKGIHIIKKYG,,Pseudomonas aeruginosa MEC 0.11-12.7 µg/ml Listeria monocytogenes EGD MEC 1.4 ± 0.4  µg/ml Human cervical carcinoma ME-180 33.2% Cytotoxicity 200 µg/ml Human erythrocytes 3% Hemolysis 80 µg/ml,,DBAASP,18,L,,Linear,
598,697,,KNLRRITRKIIHIIKKYG,,Pseudomonas aeruginosa MEC 0.26-27.8 µg/ml Listeria monocytogenes EGD MEC 2.4 ± 1.5  µg/ml Human cervical carcinoma ME-180 81.5% Cytotoxicity 200 µg/ml Human erythrocytes 10% Hemolysis 80 µg/ml,,DBAASP,18,L,,Linear,
616,716,,FPVTWRWWKWWKG,AMD,Escherichia coli MIC 7 µM Escherichia coli ATCC 25922 MIC 16 µg/ml Colletotrichum graminicola MIC 250 µg/ml Fusarium oxysporum MIC >250 µg/ml Rhizoctonia solani MIC 32±0 µg/ml Staphylococcus aureus MIC 16 µg/ml Escherichia coli ATCC 25922 MIC 32 µg/ml Staphylococcus aureus ATCC 25923 MIC 64 µg/ml Human cervical carcinoma HeLa IC50 >250 µg/ml Sheep erythrocytes 50% Hemolysis >500 µg/ml Mouse fibroblasts NIH 3T3 IC50 250 µg/ml,,DBAASP,13,L,,Linear,
634,734,,GLPVCGETCVGGTCNTPGCTCSWPVCTRN,,Escherichia coli ATCC 25922 MIC >500 µM Pseudomonas aeruginosa ATCC 27853 MIC >500 µM Proteus vulgaris ATCC 49132 MIC >500 µM Klebsiella oxytoca ATCC 49131 MIC 54.8 µM Staphylococcus aureus ATCC 29213 MIC 0.26 µM Micrococcus luteus ATCC 49732 MIC 40.4 µM Candida albicans ATCC 37092 MIC >500 µM Candida kefyr ATCC 37095 MIC 21.4 µM Candida tropicalis ATCC 37097 MIC >500 µM Human skin melanoma MM96L IC50 3.10±0.06 µM Human gastric cancer BGC-823 IC50 1.32±0.15 µM Escherichia coli ATCC 25922 MBC99 80 µM Escherichia coli ATCC 25922 MIC >160 µM Escherichia coli ATCC 25922 MIC >160 µM Pseudomonas aeruginosa ATCC 27853 MBC99 10 µM Pseudomonas aeruginosa ATCC 27853 MIC >160 µM Staphylococcus aureus ATCC 33591 MBC50 160 µM Staphylococcus aureus ATCC 29213 MIC >160 µM Candida albicans ATCC 90028 MFC99 >160 µM Human histiocytic lymphoma U-937/GTB IC50 6.9 µM Trichostrongylus colubriformis IC50 7.13 µM Human skin melanoma MM96L 50% Cell death 16.6±0.6 µM Human myelogenous leukemia K562 50% Cell death 13.1±0.4 µM Human erythrocytes 50% Hemolysis 26 µM Human erythrocytes 41% Hemolysis 25 µM Human erythrocytes 50% Hemolysis 29.1±1.1 µM Human foreskin fibroblasts (HFF) 50% Cell death 12.0±0.5 µM,1 29 AMD MMB NCB  9 21 DSB SSB CST ,DBAASP,29,L,,Linear,
659,763,,GIGKFLKKAKKFGKAFVKILKK,AMD,Staphylococcus aureus CCARM 3696 MIC 16 µg/ml Micrococcus luteus KCTC 9341 MIC 8 µg/ml Listeria monocytogenes KCTC 19111 MIC 16 µg/ml Escherichia coli KCTC 1039 MIC 4 µg/ml Citrobacter freundii KCTC 2359 MIC 8 µg/ml Staphylococcus aureus ATCC 29213 MIC 8-16 µg/ml Staphylococcus aureus ATCC 25923 MIC 8-16 µg/ml Staphylococcus aureus ATCC 25923 MIC 16 µg/ml Staphylococcus aureus ATCC 25923 MIC 8 µg/ml Staphylococcus aureus ATCC 25923 MIC 8 µg/ml Staphylococcus aureus MIC 14.7 µg/ml Staphylococcus aureus MIC 6.9 µg/ml Staphylococcus aureus MIC 4.3 µg/ml Staphylococcus epidermidis ATCC 12228 MIC 2-4 µg/ml Staphylococcus epidermidis MIC 3.5 µg/ml Staphylococcus epidermidis MIC 3.7 µg/ml Staphylococcus epidermidis MIC 3.5 µg/ml Enterococcus faecalis ATCC 29212 MIC 64 µg/ml Streptococcus equinus ATCC 49133 MIC 4 µg/ml Micrococcus luteus ATCC 4698 MIC 2 µg/ml Escherichia coli ATCC 25922 MIC 8-16 µg/ml Escherichia coli ATCC 25922 MIC 256 µg/ml Escherichia coli ATCC 25922 MIC 32 µg/ml Escherichia coli ATCC 25922 MIC 16 µg/ml Proteus mirabilis ATCC 29245 MIC >256 µg/ml Helicobacter pylori ATCC 43504 MIC 2 µg/ml Pseudomonas aeruginosa ATCC 27853 MIC 8-16 µg/ml Pseudomonas aeruginosa ATCC 27853 MIC >256 µg/ml Pseudomonas aeruginosa ATCC 27853 MIC 32 µg/ml Pseudomonas aeruginosa ATCC 27853 MIC 32 µg/ml Pseudomonas aeruginosa MIC 3.4 µg/ml Pseudomonas aeruginosa MIC 5.1 µg/ml Pseudomonas aeruginosa MIC 6.4 µg/ml Bacteroides fragilis ATCC 90028 MIC 2-4 µg/ml Clostridioides difficile ATCC 43255 MIC 4 µg/ml Veillonella parvula ATCC 10790 MIC 8 µg/ml Escherichia coli U16318 MIC 1.56 µM Escherichia coli MIC 12.5 µg/ml Enterobacter cloacae MIC 25 µg/ml Pseudomonas aeruginosa PAO1 MIC 6 µg/ml Klebsiella pneumoniae ATCC 13883 MIC 3.125 µg/ml Staphylococcus aureus ATCC 43300 MIC 6.25 µg/ml Candida albicans MIC 50 µg/ml Candida albicans KCTC 50651 MIC 16 µg/ml Candida glabrata KCTC 50701 MIC >64 µg/ml Staphylococcus epidermidis ATCC 35984 MIC 0.5-1 µg/ml Candida albicans DSM 1386 - NA  Helicobacter pylori ATCC 43504 MIC 4 µg/ml Acinetobacter baumannii ATCC 19606 MBC 4 µg/ml Human colon adenocarcinoma SW480 LD50 34 µg/ml Human lung carcinoma H1299 LD50 150 µg/ml Staphylococcus aureus MR MIC 2-16 µg/ml Staphylococcus aureus MIC 2-16 µg/ml Staphylococcus epidermidis MIC 2-16 µg/ml Pseudomonas aeruginosa MIC 1-16 µg/ml Escherichia coli MIC 0.5-4 µg/ml Escherichia coli ATCC 43827 MIC 4 µg/ml Acinetobacter baumannii ATCC BAA-1605 MIC 2 µg/ml Pseudomonas aeruginosa ATCC 9027 MIC 8 µg/ml Acinetobacter baumannii ATCC 19606 MBEC 256 µg/ml Human erythrocytes 50% Hemolysis 45 µM Human erythrocytes 25% Hemolysis 256 µg/ml Human keratinocytes HaCat IC50 1.05 µg/ml Sheep erythrocytes 50% Hemolysis >512 µg/ml Staphylococcus aureus Ciprofloxacin MIC µg/ml Staphylococcus aureus Imipenem MIC µg/ml Staphylococcus aureus Vancomycin MIC µg/ml Staphylococcus epidermidis Ceftriaxone MIC µg/ml Staphylococcus epidermidis Clarithromycin MIC µg/ml Staphylococcus epidermidis Amikacin MIC µg/ml Pseudomonas aeruginosa Colistin MIC µg/ml Pseudomonas aeruginosa Ciprofloxacin MIC µg/ml Pseudomonas aeruginosa Amikacin MIC µg/ml Escherichia coli Ceftriaxone MIC µg/ml Escherichia coli Imipenem MIC µg/ml,,DBAASP,22,L,,Linear,
660,764,,LLGDFFRKSKEKIGKEFKRIVQRIKDFLRNLVPRTES,,Staphylococcus aureus CCARM 3696 MIC >64 µg/ml Micrococcus luteus KCTC 9341 MIC >64 µg/ml Listeria monocytogenes KCTC 19111 MIC 32 µg/ml Escherichia coli KCTC 1039 MIC 32 µg/ml Citrobacter freundii KCTC 2359 MIC 64 µg/ml Escherichia coli MEC 0.26 µM Pseudomonas aeruginosa 15159 MEC 0.18 µM Staphylococcus aureus F18 MEC 1.5 µM Candida albicans ATCC 90028 MEC 10 µM Pseudomonas aeruginosa MIC 4-64 µg/ml Pseudomonas aeruginosa MIC90 64 µg/ml Achromobacter xylosoxidans MIC >32 µg/ml Pseudomonas aeruginosa 15159 MIC 2.5 µM Staphylococcus aureus FDA 486 MIC 2.5 µM Pseudomonas aeruginosa PA1244 MBC 1.2 µM Staphylococcus aureus MBC 2.5 µM Pseudomonas aeruginosa PACO1 MBC 2 µM Pseudomonas aeruginosa PACO4 MBC 2 µM Pseudomonas aeruginosa PACO7 MBC 2 µM Pseudomonas aeruginosa PACO9 MBC 1 µM Pseudomonas aeruginosa PACO11 MBC 2 µM Pseudomonas aeruginosa PACO13 MBC 2 µM Pseudomonas aeruginosa ATCC 19142 MBC 5 µM Pseudomonas aeruginosa PAO1 EC50 0.81±0.13 µM Escherichia coli DH5alpha MIC 0.19 µM Escherichia coli ML-35p MIC 1.20 µM Pseudomonas aeruginosa PAO1 MIC 0.54 µM Pseudomonas aeruginosa MR3007 MIC 0.53 µM Staphylococcus aureus ATCC 33591 MIC 5.45 µM Staphylococcus aureus 930918-3 MIC 3.58 µM Bacillus cereus ATCC 11778 MIC 38 µM Pseudomonas aeruginosa ATCC 9027 MIC 8 µM Pseudomonas aeruginosa KCTC 1637 MIC 8 µM Bacillus subtilis KCTC 3068 MIC 8 µM Staphylococcus aureus KCTC 1621 MIC 4 µM Mycobacterium tuberculosis H37Rv MIC 4.75 µg/ml Acinetobacter baumannii AB5075 MIC 16-32 µg/ml Acinetobacter baumannii Ab5755 MIC 32 µg/ml Escherichia coli Ec513 MIC 128 µg/ml Pseudomonas aeruginosa Pa4216 MIC >128 µg/ml Escherichia coli ATCC 12014 MIC 0.1 µg/ml Bacillus subtilis ATCC 11774 MIC 0.1 µg/ml Staphylococcus aureus ATCC 6538 MIC 50 µg/ml Enterococcus faecalis FA2-2 MIC 12.5 µg/ml Porphyromonas gingivalis ATCC 33277 MIC 12.5 µg/ml Escherichia coli K-12 MIC 5 µM Escherichia coli ATCC 25922 MBC 1.25 µM Escherichia coli ATCC 25922 MIC 20 µM Escherichia coli ATCC 25922 MIC 10 µM Pseudomonas aeruginosa ATCC 27853 MBC 0.625 µM Pseudomonas aeruginosa ATCC 27853 MIC 2.5 µM Staphylococcus aureus ATCC 29213 MBC50 0.313 µM Staphylococcus aureus ATCC 29213 MIC 1.25 µM Candida albicans ATCC 90028 MFC 1.25 µM Human histiocytic lymphoma U-937/GTB IC50 10 µM Mycobacterium tuberculosis Vertulo - NA  Mycobacterium smegmatis mc2-155 67% Killing 25 µg/ml Mycobacterium tuberculosis H37Rv 39% Killing 25 µg/ml Escherichia coli HB101 MIC 0.77±0.12 µM Pseudomonas aeruginosa ATCC 29260 MIC 0.69±0.07 µM Staphylococcus aureus ATCC 48366 MIC 0.45±0.05 µM Staphylococcus aureus ATCC 43300 MIC 7.50±0.00 µM Helicobacter pylori ATCC 43504 MBC 8.9±4.03 µg/ml Pseudomonas aeruginosa PAO1 MBC 0.5 µM Pseudomonas aeruginosa PAO1 MBC >5 µM Escherichia coli KCTC 1682 MIC 32 µM Staphylococcus aureus KCTC 1621 MIC 16 µM Staphylococcus aureus CCARM 3090 MIC 16 µM Pseudomonas aeruginosa CCARM 2095 MIC 8 µM Enterococcus faecium ATCC 51559 MIC 16 µM Pseudomonas aeruginosa PAO1 H103 MIC 64 µg/ml Enterococcus faecalis ATCC 29212 MIC 64 µg/ml Pseudomonas aeruginosa PAO1 MIC 16 µM Pseudomonas aeruginosa 919 MIC 16 µM Escherichia coli ML-35p MIC 10 µM Staphylococcus aureus ATCC 33591 MIC 50 µM Human myelogenous leukemia K562 MEC 5.0 µM Staphylococcus aureus CCARM 3089 MIC 16 µM Neisseria gonorrhoeae WHO Z MIC 8 µg/ml Acinetobacter baumannii MIC >250 µg/ml Candida albicans NCTC 3179 MIC >250 µg/ml Escherichia coli ATCC 25922 MIC 9.8±5.4 µg/ml Acinetobacter baumannii ATCC 19606 MBC 8 µg/ml Pseudomonas aeruginosa MIC 32 µM Klebsiella pneumoniae E406-17 MIC 16-32 µM Staphylococcus epidermidis 1457 MIC 2-4 µM Acinetobacter baumannii B28-16 MIC 4 µM Staphylococcus aureus USA 300 LAC MIC 4 µM Staphylococcus aureus USA 300 LAC MIC >32 µM Escherichia coli E423-17 MIC 2-4 µM Escherichia coli E423-17 MIC <=2 µM Escherichia coli E423-17 MIC <=2 µM Acinetobacter baumannii AB5075 66% Inhibition 32 µg/ml Staphylococcus aureus NCTC 6571 20% Inhibition 38.6 µg/ml Acinetobacter baumannii ATCC 19606 MBEC 512 µg/ml Human erythrocytes 10% Hemolysis 6.7 µM Human erythrocytes 50% Hemolysis 43.5 µg/ml Human dermal fibroblasts  NA  Human neutrophils MEC 10 µM Human Primary Epidermal Keratinocytes (HEK) 20% Cytotoxicity 5 µM Escherichia coli HB101 491 MIC µg/ml Pseudomonas aeruginosa PAO1 H103 672 MIC µg/ml Staphylococcus aureus SAP 0017 672 MIC µg/ml Escherichia coli HB101 1059 MIC µg/ml Mycobacterium smegmatis mc2-155 Rifampicin MIC µg/ml Pseudomonas aeruginosa CCARM 2095 Chloramphenicol MIC µM Pseudomonas aeruginosa CCARM 2095 Oxacillin MIC µM Pseudomonas aeruginosa 910 Polymyxin B MIC µM Pseudomonas aeruginosa 910 Meropenem MIC µM Pseudomonas aeruginosa 910 Piperacillin MIC µM Pseudomonas aeruginosa 910 Kanamycin MIC µM Pseudomonas aeruginosa 910 Gentamicin MIC µM Pseudomonas aeruginosa 910 Erythromycin MIC µM Pseudomonas aeruginosa 910 Ciprofloxacin MIC µM Escherichia coli ML-35p Polymyxin B MIC µM Escherichia coli ML-35p Ofloxacin MIC µM Acinetobacter baumannii Polymyxin B MIC µM Acinetobacter baumannii Ofloxacin MIC µM Micrococcus luteus A270 Rifampicin MIC µM Micrococcus luteus A270 Gentamicin MIC µM Micrococcus luteus A270 Oxacillin MIC µM Ehrlich's ascites carcinoma Gentamicin MEC µM Pseudomonas aeruginosa CCARM 2095 Ciprofloxacin MIC µM Neisseria gonorrhoeae WHO Z PBT2/zinc MIC µg/ml,,DBAASP,37,L,,Linear,
675,779,,GLFDIIKKIAESF,AMD,Bacillus cereus MIC 100 µg/ml Leuconostoc lactis MIC 12 µg/ml Micrococcus luteus MIC 100 µg/ml Staphylococcus aureus MIC 50 µg/ml Streptococcus uberis MIC 50 µg/ml Human leukemia LD50 10-100 µM Human colon cancer LD50 10 µM Human melanoma LD50 10 µM Human renal cancer LD50 10 µM Human breast cancer LD50 10 µM Staphylococcus aureus ATCC 25923 MIC 8 µM Staphylococcus aureus ATCC 29213 MIC 37.5 µM Escherichia coli MG1655 MIC 250 µM Enterococcus faecalis PCM 2673 MIC 64 µg/ml Staphylococcus aureus ATCC 9144 MIC 128 µg/ml Escherichia coli ATCC 25922 MIC 128 µg/ml Klebsiella pneumoniae ATCC 700603 MIC 16 µg/ml Aspergillus niger ATCC 16404 MIC 64 µg/ml Candida glabrata ATCC 15126 MIC 128 µg/ml Acinetobacter baumannii ATCC 19606 MBC 16 µg/ml Staphylococcus aureus ATCC 29213 MBC 25 µg/ml Enterococcus faecalis ATCC 29212 MBC 50 µg/ml Escherichia coli ATCC 25922 MIC 200 µg/ml Staphylococcus aureus ATCC 29213 MIC 50 µg/ml Enterococcus faecalis ATCC 29212 MIC 100 µg/ml Escherichia coli ATCC 25922 MIC >200 µg/ml Staphylococcus aureus ATCC 43300 MIC 8 µg/ml Streptococcus pyogenes ATCC 19615 MIC 4 µg/ml Acinetobacter baumannii ATCC 19606 MBEC 64 µg/ml Human erythrocytes 50% Hemolysis 128 µM Human erythrocytes 39.96% Hemolysis 200 µg/ml Staphylococcus aureus ATCC 43300 Minocycline MIC µg/ml Enterococcus faecalis ATCC 51299 Minocycline MIC µg/ml Streptococcus pyogenes ATCC 19615 Minocycline MIC µg/ml,,DBAASP,13,L,,Linear,
676,780,,GLFDIAKKVIGVIGSL,AMD,Bacillus cereus MIC 100 µg/ml Leuconostoc lactis MIC 6 µg/ml Micrococcus luteus MIC 25 µg/ml Staphylococcus aureus MIC 50 µg/ml Streptococcus uberis MIC >100 µg/ml Human lung cancer LC50 10 µM Human CNS cancer LC50 10 µM Human ovarian carcinoma LC50 10 µM Human prostate cancer LC50 10 µM,,DBAASP,16,L,,Linear,
677,781,,GLFDIVKKIAGHIVSSI,AMD,Bacillus cereus MIC >100 µg/ml Leuconostoc lactis MIC 12 µg/ml Micrococcus luteus MIC 100 µg/ml Staphylococcus aureus MIC 100 µg/ml Streptococcus uberis MIC 25 µg/ml Human lung cancer LC50 10 µM Human CNS cancer LC50 10 µM Human ovarian carcinoma LC50 10 µM Human prostate cancer LC50 10 µM,,DBAASP,17,L,,Linear,
709,814,,XCRRLCYKQRCVTYCRGR,AMD,Aerococcus viridans MIC 0.8-1.6 µM Bacillus megaterium MIC 0.2-0.4 µM Enterococcus faecalis MIC 6.2-12.5 µM Micrococcus luteus MIC 0.4-0.8 µM Staphylococcus aureus MIC 1.6-3.15 µM Staphylococcus haemolyticus MIC 0.8-1.6 µM Streptococcus pyogenes MIC 1.6-3.15 µM Agrobacterium tumefaciens MIC >100 µM Escherichia coli 1106 MIC 0.8-1.6 µM Escherichia coli D31 MIC 0.8-1.6 µM Pectobacterium carotovorum subsp. carotovorum MIC 3.15-6.25 µM Klebsiella pneumoniae MIC 3.15-6.25 µM Salmonella typhimurium MIC 0.8-1.6 µM Xanthomonas campestris pv. oryzae MIC 3.15-6.25 µM Aspergillus fumigatus MIC 1.6-3.15 µM Fusarium culmorum MIC 0.4-0.8 µM Neurospora crassa MIC 0.4-0.8 µM Trichoderma viride MIC 0.4-0.8 µM Candida albicans MIC 0.15-0.3 µM Candida tropicalis MIC 3.15-6.25 µM Saccharomyces cerevisiae MIC 1.6-3.15 µM Staphylococcus aureus ATCC 6538 MIC 1.28-2.56 µM Candida albicans MDM8 MIC 0.32-0.64 µM Escherichia coli ATCC 700926 MIC 8 µg/ml Klebsiella pneumoniae ATCC 13883 MIC 16 µg/ml Klebsiella pneumoniae ATCC BAA-2146 MIC 32 µg/ml Pseudomonas aeruginosa ATCC 27853 MIC 16 µg/ml Staphylococcus aureus ATCC 43300 MIC 128 µg/ml Cryptococcus neoformans ATCC 208821 MIC 2 µg/ml Helicobacter pylori ATCC 43504 MIC >80 µM Human skin melanoma MM96L LC50 3.7±0.2 µM Human myelogenous leukemia K562 LC50 3.8±0.3 µM Plasmodium falciparum W2 IC50 89.6±1.1 µM Enterococcus faecalis ATCC 51299 MIC 28 µM Bacillus subtilis ATCC 6633 MIC 0.875 µM Streptococcus pneumoniae ATCC 33400 MIC >28 µM Staphylococcus aureus ATCC 29213 MIC >28 µM Escherichia coli ATCC 25922 MIC 14 µM Klebsiella pneumoniae ATCC 13883 MIC 14 µM Human malignant melanoma HT-144  NA  Human melanoma A2058 LC50 <50 µg/ml Human erythrocytes 4.4±0.1% Hemolysis 300 µg/ml Human erythrocytes 47.2±6.0% Hemolysis 64 µM Human neonatal skin fbroblasts NFF 50% Cell death 75 µg/ml,2 15 DSB SSB CST  1 FGLN ,DBAASP,18,L,,Linear,
727,832,,GIGTKILGGVKTALKGALKELASTYAN,AMD,Escherichia coli ATCC 25922 MIC 19.5 µg/ml Pseudomonas aeruginosa CMCCB 10104 MIC 19.5 µg/ml Shigella dysenteriae MIC 2.7 µg/ml Candida albicans ATCC 2002 MIC 3 µg/ml Penicillium urticae IFFI 2001 - NA  Human T-cell leukemia C8166 IC50 15.3 µg/ml Human bladder cancer BIU-87 IC50 20.5 µg/ml,,DBAASP,27,L,,Linear,
736,841,,GIGGVLLSAGKAALKGLAKVLAEKYAN,AMD,Escherichia coli ATCC 25922 MIC 2.7 µg/ml Pseudomonas aeruginosa CMCCB 10104 MIC 2.7 µg/ml Shigella dysenteriae MIC 2.7 µg/ml Candida albicans ATCC 2002 MIC 15 µg/ml Penicillium urticae IFFI 2001  NA  Human T-cell leukemia C8166 IC50 24.2 µg/ml Human bladder cancer BIU-87 IC50 >50 µg/ml,,DBAASP,27,L,,Linear,
738,843,,SIGAKILGGVKTFFKGALKELASTYLQ,,Escherichia coli ATCC 25922 - NA  Pseudomonas aeruginosa CMCCB 10104 MIC 7.2 µg/ml Shigella dysenteriae MIC 12 µg/ml Candida albicans ATCC 2002 MIC 1.2 µg/ml Penicillium urticae IFFI 2001 MIC 12 µg/ml Human T-cell leukemia C8166 IC50 34.4 µg/ml Human bladder cancer BIU-87 IC50 >50 µg/ml,,DBAASP,27,L,,Linear,
742,847,,LLPIVGNLLKSLL,AMD,Bacillus megaterium Bm11 LC 2.8 µM Yersinia pseudotuberculosis LC 7.0 µM Escherichia coli D21 LC 11.2 µM Escherichia coli D21f1 LC 10.0 µM Escherichia coli D22 LC 11.2 µM Candida albicans ATCC 10261 LC 4.0 µM Leishmania donovani MHOM/S.D./00/1S-2D (promastigote) LC50 8.6 µM Escherichia coli MIC 100 µM Klebsiella pneumoniae ATCC 13883 MIC 100 µM Bacillus subtilis MIC 25 µM Streptococcus pyogenes ATCC 19615 MIC 25 µM Staphylococcus aureus ATCC 33591 MBC 12 µM Klebsiella pneumoniae ATCC BAA-1706 MBC 48 µM Human lung carcinoma A549  NA  Klebsiella pneumoniae NCTC 13368 MIC >128 µg/ml Klebsiella pneumoniae M6 MIC >128 µg/ml Acinetobacter baumannii AYE MIC 64 µg/ml Acinetobacter baumannii ATCC 17978 MIC 128 µg/ml Pseudomonas aeruginosa PAO1 MIC >128 µg/ml Pseudomonas aeruginosa NCTC 13437 MIC >128 µg/ml Escherichia coli NCTC 12923 MIC 128 µg/ml Staphylococcus aureus NCTC 6571 MIC 16 µg/ml Staphylococcus aureus NCTC 13616 MIC 64 µg/ml Staphylococcus aureus NCTC 13277 MIC 32 µg/ml Enterococcus faecalis NCTC 775 MIC 128 µg/ml Enterococcus faecalis NCTC 12201 MIC >128 µg/ml Candida albicans NCPF 3179 MIC 128 µg/ml Human cervical carcinoma HeLa S3 IC50 93 µg/ml Escherichia coli D21 MIC 50 µM Pseudomonas aeruginosa ATCC 15692 MIC 200 µM Staphylococcus aureus ATCC 25923 MIC 3 µM Bacillus megaterium Bm11 MIC 6 µM Human lung carcinoma A549 50% Cytotoxicity 58 µM Staphylococcus aureus ATCC 33591 90% Inhibition 24 µM Human erythrocytes 5% Hemolysis 32 µM Human erythrocytes  NA  Human embryonic kidney HEK293 cells 50% Cytotoxicity 84 µg/ml Escherichia coli D21 1026 MIC µM Escherichia coli ATCC 25922 1026 MIC µM Pseudomonas aeruginosa ATCC 15692 1026 MIC µM Aeromonas hydrophila Rt-6 1026 MIC µM Staphylococcus aureus ATCC 25923 1026 MIC µM Staphylococcus aureus Cowan 1 1026 MIC µM Bacillus megaterium Bm11 1026 MIC µM Staphylococcus epidermidis ATCC 12228 1026 MIC µM,,DBAASP,13,L,,Linear,
745,850,,GSKKPVPIIYCNRRTGKCQRM,,Aerococcus viridans MIC 0.6-1.2 µM Bacillus megaterium MIC 2.5-5 µM Pediococcus acidilactici MIC 20-40 µM Escherichia coli D31 MIC 0.3-0.6 µM Escherichia coli HB101 MIC 0.64 µM Klebsiella pneumoniae MIC 0.6-1.2 µM Pectobacterium carotovorum MIC 10-20 µM Neurospora crassa MIC 0.6-1.2 µM Fusarium haematococcum MIC 1.2-2.5 µM Alternaria brassicicola MIC 2.5-5 µM Ascochyta pisi MIC 5-10 µM Bacillus subtilis MIC 10.4 µM Escherichia coli ATCC 25922 - NA  Bacillus subtilis ATCC 21332 MIC 4 µg/ml Bacillus subtilis ATCC 21332 - NA  Klebsiella pneumoniae MIC 50 µM Escherichia coli JM109 MIC 1 µM Escherichia coli DE3 MIC 3-5 µM Acinetobacter baumannii Ab5753 MIC >128 µg/ml Pseudomonas aeruginosa Pa1409 MIC >128 µg/ml Staphylococcus aureus ATCC 29213 MIC 256 µg/ml Pseudomonas aeruginosa ATCC 27853 MIC 16 µg/ml Escherichia coli ATCC 35218 MIC 1 µg/ml Klebsiella pneumoniae XJ75297 MIC 1 µg/ml Shigella flexneri ATCC 12022 MIC 0.25 µg/ml Geotrichum candidum IBRC-M 30010 MFC 2.4 µg/ml Botrytis cinerea IBRC-M 30162 MFC 0.6 µg/ml Rhizoctonia solani IRAN 2957 MFC 1.2 µg/ml Alternaria tenuissima MFC 1.2 µg/ml Fusarium fujikuroi NBRC 9976 MFC 0.6 µg/ml Escherichia coli XJ141047 MIC 2 µg/ml Klebsiella pneumoniae XJ155018 MIC 8 µg/ml Escherichia coli ATCC 25922 MIC 1 µg/ml Klebsiella pneumoniae ATCC 43816 MIC 2 µg/ml Klebsiella pneumoniae NCTC 13443 MIC 8 µg/ml Klebsiella pneumoniae MIC 2 µg/ml Shigella flexneri MIC 0.5 µg/ml Salmonella enterica subsp. enterica serovar Typhimurium MIC 4 µg/ml Enterobacter cloacae MIC 8 µg/ml Hafnia alvei MIC >8 µg/ml Serratia marcescens MIC >8 µg/ml Proteus vulgaris MIC >8 µg/ml Proteus mirabilis MIC >8 µg/ml Moraxella catarrhalis MIC >8 µg/ml Human cervical carcinoma HeLa IC50 773 µM Pig erythrocytes 0% Hemolysis 40 µM Human umbilical vein endothelial cells HUVEC - NA  Escherichia coli XJ141015 Meropenem MIC µg/ml Klebsiella pneumoniae XJ155017 Meropenem MIC µg/ml Klebsiella pneumoniae XJ155019 Meropenem MIC µg/ml Escherichia coli XJ141047 Imipenem MIC µg/ml Klebsiella pneumoniae XJ155018 Imipenem MIC µg/ml,11 18 DSB SSB CST ,DBAASP,21,L,,Linear,
767,872,,TRSSRAGLQFPVGRVHRLLRK,,Bacillus subtilis MIC 2 µg/ml Streptococcus mutans MIC 2 µg/ml Escherichia coli MIC 4 µg/ml Serratia marcescens MIC 4 µg/ml Candida albicans MIC 1 µg/ml Saccharomyces cerevisiae MIC 1 µg/ml Fusarium oxysporum KACC 40902 MIC 8-16 µg/ml Aspergillus niger KCTC 6461 MIC >64 µg/ml Cryptococcus neoformans KCCM 50544 MIC 32-64 µg/ml Candida albicans KCTC 7121 MIC 32-64 µg/ml Candida albicans KCTC 7728 MIC >64 µg/ml Candida albicans KCTC 7965 MIC >64 µg/ml Candida albicans KCTC 7122 MIC >64 µg/ml HIV-1 IIIB IC50 REP >41.1 µM Escherichia coli K-12 MIC >71 µM Escherichia coli BL21 EC50 0.33±0.005 µM Pseudomonas aeruginosa PA14 EC50 1.8±0.005 µM Staphylococcus aureus ATCC 502A MBC 1.87 µM Staphylococcus aureus 39413 EC50 6.46±0.002 µM Staphylococcus aureus 36055 EC50 >100 µM Pseudomonas aeruginosa KCTC 1637 MIC 32 µM Bacillus subtilis KCTC 3068 MIC 32 µM Staphylococcus aureus KCTC 1621 MIC 32 µM Jurkat T-cell leukemia IC50 >=65 µM Bacillus subtilis SMY MIC 10 µg/ml Acinetobacter baumannii KCTC 2508 MBIC 64 µM CEM-SS cells 50% Cell death >41.1 µM Human erythrocytes <10% Hemolysis 200 µM Human erythrocytes 50% Hemolysis 400 µg/ml Stenotrophomonas maltophilia Piperacillin MIC µg/ml Stenotrophomonas maltophilia Meropenem MIC µg/ml Stenotrophomonas maltophilia Chloramphenicol MIC µg/ml Stenotrophomonas maltophilia Rifampin MIC µg/ml Stenotrophomonas maltophilia Netilmicin MIC µg/ml,,DBAASP,21,L,,Linear,
782,887,,RAGLQFPVGRLLRRLLRRLLR,,Bacillus subtilis MIC 1 µg/ml Streptococcus mutans MIC 0.5 µg/ml Escherichia coli MIC 1 µg/ml Serratia marcescens MIC 1 µg/ml Candida albicans MIC 2 µg/ml Saccharomyces cerevisiae MIC 4 µg/ml Salmonella enterica subsp. enterica serovar Enteritidis ATCC 13076 MIC 2 µg/ml Bacillus subtilis ATCC 62037 MIC 1 µg/ml Staphylococcus aureus ATCC 15752 MIC 2 µg/ml Cryptococcus neoformans ATCC 34881 MIC 2 µg/ml Human lymphoblastic leukemia CCRF-CEM IC50 14.7 µg/ml Human myelogenous leukemia K562 IC50 8.2 µg/ml Human Myeloma cells RPMI-8226 IC50 10.5 µg/ml Human breast adenocarcinoma MDA-MB-231 IC50 11.3 µg/ml Human lung carcinoma A549 IC50 11.7 µg/ml Human lung carcinoma NCI-H460 IC50 12.1 µg/ml Human glioblastoma U251-MG IC50 10.6 µg/ml Human melanoma UACC-62 IC50 10.6 µg/ml Human renal adenocarcinoma ACHN IC50 12.0 µg/ml Human ovarian adenocarcinoma SK-OV-3 IC50 12.6 µg/ml Human colon adenocarcinoma HCT-15 IC50 13.2 µg/ml Human colon adenocarcinoma SW620 IC50 12.7 µg/ml Human prostate cancer DU145 IC50 15.3 µg/ml Human erythrocytes 0% Hemolysis 100 µg/ml,,DBAASP,21,L,,Linear,
799,904,,WKLFKKILKVL,AMD,Erwinia amylovora PMV 6076 MIC 7-10 µM Xanthomonas vesicatoria 2133-2 MIC 7-10 µM Pseudomonas syringae EPS 94 ED50 5.5 µM Leishmania donovani 3-Luc ED50 1.2 µM Fusarium oxysporum f. sp. lycopersici ATCC 201829 MIC 2.5-5.0 µM Aspergillus niger CECT 2694 MIC 5.0-7.5 µM Pseudomonas aeruginosa ATCC 27853 MIC 4 µg/ml Pseudomonas aeruginosa PAO1 MIC 4 µg/ml Staphylococcus aureus ATCC 25923 MIC 8 µg/ml Klebsiella pneumoniae ATCC 700603 MIC 4 µg/ml Escherichia coli ATCC 25922 MIC 4 µg/ml Enterococcus faecalis ATCC 29212 MIC 8 µg/ml Shigella flexneri ATCC 12022 MIC 4 µg/ml Listeria monocytogenes ATCC 7644 MIC 8 µg/ml Vibrio cholerae ATCC 14035 MIC 8 µg/ml Pseudomonas aeruginosa MIC 8-16 µg/ml Acinetobacter baumannii MIC 4-8 µg/ml Klebsiella pneumoniae ATCC 13883 MIC 8 µg/ml Klebsiella pneumoniae MIC 8-16 µg/ml Salmonella enterica subsp. enterica serovar Typhimurium ATCC 14028 MIC 4 µg/ml Salmonella typhimurium MIC 4-16 µg/ml Human cervical carcinoma HeLa IC50 18 µg/ml Human B-lymphoma RAJI IC50 15 µg/ml Leishmania major MRHO/IR/75/ER (amastigote) IC50 9.015 µM No data available in table Human erythrocytes 50% Hemolysis 104 µM Mouse fibroblasts L929 - NA  Pseudomonas aeruginosa Ceftazidime MIC µg/ml Pseudomonas aeruginosa Ciprofloxacin MIC µg/ml Acinetobacter baumannii Norfloxacin MIC µg/ml Acinetobacter baumannii Gentamicin MIC µg/ml,,DBAASP,11,L,,Linear,
810,915,,KKLFKKILKFL,AMD,Erwinia amylovora PMV 6076 MIC 2-5 µM Xanthomonas vesicatoria 2133-2 MIC 2-5 µM Pseudomonas syringae EPS 94 ED50 2.1 µM Fusarium oxysporum f. sp. lycopersici ATCC 201829 MIC 0.6-1.2 µM Aspergillus niger CECT 2694 MIC 20-25 µM Penicillium digitatum PHI-26 MIC 4 µM Escherichia coli DH5alpha MIC 4 µM Human pancreatic adenocarcinoma CAPAN-1 IC50 23.5±7.0 µM Human erythrocytes 50% Hemolysis 203 µM Mouse fibroblasts NIH 3T3 IC50 13.5±0.7 µM,,DBAASP,11,L,,Linear,
814,919,,GIINTLQKYYCRVRGGRCAVLSCLPKEEQIGKCSTRGRKCCRRKK,,Staphylococcus aureus ATCC 12600 LD90 0.15 µM Staphylococcus epidermidis ATCC 14990 LD90 0.15 µM Escherichia coli ATCC 25922 LD90 0.02 µM Pseudomonas aeruginosa ATCC 10145 LD90 0.30 µM Burkholderia cepacia ATCC 25416 LD90 >19 µM Staphylococcus aureus ATCC 12600 LD90 4.8 µM Escherichia coli ATCC 11775 LD90 0.08 µM Staphylococcus aureus ATCC 29213 LC90 4.0±0.8 µg/ml Aggregatibacter actinomycetemcomitans Y4 MIC 47.9 µg/ml Aggregatibacter actinomycetemcomitans ATCC 29523 MIC >250.0 µg/ml Fusobacterium nucleatum 1908 MIC 13.2 µg/ml Fusobacterium nucleatum ATCC 49256 MIC 4.5 µg/ml Porphyromonas gingivalis ATCC 33277 MIC 5.7 µg/ml Peptostreptococcus micros ATCC 33270 MIC >250.0 µg/ml Peptostreptococcus micros 2903-02 MIC 15.9 µg/ml Actinomyces naeslundii 14B01 MIC 7.0 µg/ml Actinomyces naeslundii 14B4C MIC 4.1 µg/ml Actinomyces israelii 1P04 MIC 9.0 µg/ml Streptococcus sanguinis AC59 MIC 21.3 µg/ml Streptococcus sanguinis NP506 MIC 7.6 µg/ml Streptococcus mutans Ingbritt 162 MIC 2.6 µg/ml Streptococcus mutans 330-5 MIC 3.4 µg/ml Candida tropicalis 5 MIC 3.3 µg/ml Candida parapsilosis Pf27 MIC 3.0 µg/ml Candida parapsilosis ATCC 22019 MIC 12.4 µg/ml Candida krusei P31 MIC 3.2 µg/ml Candida glabrata 931010 MIC >250.0 µg/ml Candida glabrata 1480.42 MIC >250.0 µg/ml Candida albicans FC5 MIC 2.8 µg/ml Escherichia coli ATCC 9637 MIC 5.1 µg/ml Klebsiella pneumoniae DSM 681 MIC 300 µg/ml Staphylococcus aureus ATCC 25923 MIC 150 µg/ml Staphylococcus aureus ATCC 29213 - NA  Staphylococcus epidermidis ATCC 12228 LD90 3.5±1.2 µg/ml Enterococcus faecium ATCC 6057 LD90 1.6±0.4 µg/ml Escherichia coli ATCC 25922 - NA  Pseudomonas aeruginosa ATCC 15442 - NA  Klebsiella pneumoniae ATCC 700603 - NA  Shigella flexneri CICC 21534 - NA  Shigella sonnei CICC 21535 - NA  Lapidilactobacillus dextrinicus DSM 20293 95% Inhibition 2.1 µg/ml Bacillus cereus NCIMB 1526 95% Inhibition 5.8 µg/ml Escherichia coli MG1655 95% Inhibition >50 µg/ml Pseudomonas aeruginosa ATCC 27853 MIC 5 µM Mycobacterium tuberculosis MIC 13.7 µM Acinetobacter baumannii MIC 1.2 µM Micrococcus luteus A270 MIC 0.6 µM Enterococcus faecalis ATCC 29212 LD90 7.7±0.9 µg/ml Escherichia coli ATCC 25922 LD90 5.4±0.8 µg/ml Klebsiella pneumoniae ATCC 700603 LD90 16.7±2.6 µg/ml Staphylococcus aureus ATCC 29213 70% Killing 6 µg/ml Enterococcus faecium ATCC 6057 70% Killing 3 µg/ml Pseudomonas aeruginosa ATCC 15442 50% Killing 10 µg/ml Acinetobacter baumannii ATCC 19606 60% Killing 5 µg/ml Human cervical carcinoma HeLa 0% Killing 40 µg/ml Escherichia coli WBB 01 MBC 0.39 µg/ml Proteus mirabilis R45 MBC >100 µg/ml Salmonella enterica serovar Minnesota R60 MBC 0.78 µg/ml Burkholderia cepacia ATCC 25416 MBC >100 µg/ml Klebsiella pneumoniae CR MIC 5.6 µg/ml Klebsiella aerogenes CR MIC 2.7 µg/ml Pseudomonas aeruginosa CR MIC 4.5 µg/ml Acinetobacter baumannii CR MIC 4 µg/ml Staphylococcus aureus MR MIC 100 µg/ml Human erythrocytes - NA  Vero cells 20% Killing 40 µg/ml Escherichia coli ML-35p Rifampicin MIC µM Escherichia coli ML-35p Gentamicin MIC µM Staphylococcus aureus ATCC 33591 Rifampicin MIC µM Staphylococcus aureus ATCC 33591 Gentamicin MIC µM Staphylococcus aureus ATCC 33591 Oxacillin MIC µM Acinetobacter baumannii Polymyxin B MIC µM Acinetobacter baumannii Ofloxacin MIC µM Micrococcus luteus A270 Rifampicin MIC µM Micrococcus luteus A270 Gentamicin MIC µM Micrococcus luteus A270 Oxacillin MIC µM Klebsiella pneumoniae CR 4201 MIC µg/ml Klebsiella aerogenes CR 4201 MIC µg/ml Pseudomonas aeruginosa CR 4201 MIC µg/ml Acinetobacter baumannii CR 4201 MIC µg/ml,11 40 DSB SSB CST  23 41 DSB SSB CST ,DBAASP,45,L,,Linear,
817,926,,FLGWLFKVASK,,Bacillus subtilis MIC 6.3 µg/ml Staphylococcus aureus MIC 3.1 µg/ml Escherichia coli MIC 25 µg/ml Salmonella typhimurium MIC 50 µg/ml Proteus mirabilis MIC >200 µg/ml Human renal carcinoma A498 IC50 73.26 µg/ml Human colon adenocarcinoma HCT 116 IC50 30.48 µg/ml Human gastric cancer MKN 45 IC50 82.70 µg/ml Human prostate adenocarcinoma PC-3 IC50 123.81 µg/ml Human ovarian adenocarcinoma SK-OV-3 IC50 92.15 µg/ml Human erythrocytes 12% Hemolysis 100 µg/ml,,DBAASP,11,L,,Linear,
819,928,,FLGWLFKWAWK,AMD,Bacillus subtilis ATCC 6633 MIC 6.3 µg/ml Staphylococcus aureus ATCC 6538P MIC 6.3 µg/ml Escherichia coli ATCC 25922 MIC 25 µg/ml Salmonella enterica subsp. enterica serovar Typhimurium ATCC 14028 MIC 100 µg/ml Pseudomonas aeruginosa ATCC 27853 MIC >200 µg/ml Human lung carcinoma A549 IC50 20.36 µM Human gastric cancer MKN 45 MIC 24.31 µM Human skin melanoma SK-MEL-2 IC50 13.97 µM Human erythrocytes 5% Hemolysis 50 µg/ml,,DBAASP,11,L,,Linear,
832,941,,FLWWLFKWAWK,AMD,Bacillus subtilis ATCC 6633 MIC 3.1 µg/ml Staphylococcus aureus ATCC 6538P MIC 6.3 µg/ml Escherichia coli ATCC 25922 MIC >200 µg/ml Salmonella enterica subsp. enterica serovar Typhimurium ATCC 14028 MIC >200 µg/ml Pseudomonas aeruginosa ATCC 27853 MIC >200 µg/ml Human lung carcinoma A549 IC50 15.88 µM Human gastric cancer MKN 45 IC50 13.77 µM Human skin melanoma SK-MEL-2 IC50 13.16 µM Human erythrocytes 5% Hemolysis 25 µg/ml,,DBAASP,11,L,,Linear,
833,942,,FLGWLFKWAKK,AMD,Bacillus subtilis ATCC 6633 MIC 6.3 µg/ml Staphylococcus aureus ATCC 6538P MIC 12.5 µg/ml Escherichia coli ATCC 25922 MIC 12.5 µg/ml Salmonella enterica subsp. enterica serovar Typhimurium ATCC 14028 MIC 50 µg/ml Pseudomonas aeruginosa ATCC 27853 MIC 25 µg/ml Human lung carcinoma A549 IC50 25.20 µM Human gastric cancer MKN 45 IC50 26.70 µM Human skin melanoma SK-MEL-2 IC50 27.39 µM Human erythrocytes 5% Hemolysis 50 µg/ml,,DBAASP,11,L,,Linear,
834,943,,FLKWLFKWAKK,AMD,Bacillus subtilis ATCC 6633 MIC 3.1 µg/ml Staphylococcus aureus ATCC 6538P MIC 6.3 µg/ml Escherichia coli ATCC 25922 MIC 12.5 µg/ml Salmonella enterica subsp. enterica serovar Typhimurium ATCC 14028 MIC 50 µg/ml Pseudomonas aeruginosa ATCC 27853 MIC 12.5 µg/ml Human lung carcinoma A549 IC50 14.53 µM Human gastric cancer MKN 45 IC50 22.51 µM Human skin melanoma SK-MEL-2 IC50 22.25 µM Human erythrocytes 5% Hemolysis 6.3 µg/ml,,DBAASP,11,L,,Linear,
881,995,,GWKSVFRKAKKVGKTVGGLALDHYL,AMD,Aeromonas salmonicida 99-1 MIC 8 µg/ml Salmonella enterica serovar typhimurium MS7953s MIC 4 µg/ml Pseudomonas aeruginosa K799 MIC 32 µg/ml Escherichia coli CGSC 4908 MIC 4 µg/ml Escherichia coli DC2 MIC 4 µg/ml Staphylococcus aureus C623 MIC >64 µg/ml Human promyelocytic leukemia HL-60 50% Cell death 16 µg/ml Human erythrocytes 50% Hemolysis >256 µg/ml,,DBAASP,25,L,,Linear,
882,996,,GWKKWFNRAKKVGKTVGGLAVDHYL,AMD,Aeromonas salmonicida 99-1 MIC 2 µg/ml Salmonella enterica serovar typhimurium MS7953s MIC 2 µg/ml Pseudomonas aeruginosa K799 MIC 4 µg/ml Escherichia coli CGSC 4908 MIC 2 µg/ml Escherichia coli DC2 MIC 2 µg/ml Staphylococcus aureus C623 MIC 16 µg/ml Human promyelocytic leukemia HL-60 50% Cell death 64 µg/ml Human erythrocytes 50% Hemolysis >256 µg/ml Zebrafish embryos >10% Killing 25 µM,,DBAASP,25,L,,Linear,
883,997,,RWGKWFKKATHVGKHVGKAALTAYL,AMD,Aeromonas salmonicida 99-1 MIC 4 µg/ml Salmonella enterica serovar typhimurium MS7953s MIC 2 µg/ml Pseudomonas aeruginosa K799 MIC 4 µg/ml Escherichia coli CGSC 4908 MIC 4 µg/ml Escherichia coli DC2 MIC 4 µg/ml Staphylococcus aureus C623 MIC 64 µg/ml Human promyelocytic leukemia HL-60 50% Cell death 16 µg/ml Human erythrocytes 50% Hemolysis >256 µg/ml Zebrafish embryos 100% Killing 5 µM,,DBAASP,25,L,,Linear,
884,998,,AGWGSIFKHIFKAGKFIHGAIQAHND,AMD,Aeromonas salmonicida 99-1 MIC 32 µg/ml Salmonella enterica serovar typhimurium MS7953s MIC 16 µg/ml Pseudomonas aeruginosa K799 MIC 32 µg/ml Escherichia coli CGSC 4908 MIC 16 µg/ml Escherichia coli DC2 MIC 16 µg/ml Staphylococcus aureus C623 MIC 16 µg/ml Human promyelocytic leukemia HL-60 50% Cell death 8 µg/ml Human erythrocytes 50% Hemolysis >256 µg/ml Zebrafish embryos 100% Killing 25 µM,,DBAASP,26,L,,Linear,
885,999,,GFWGKLFKLGLHGIGLLHLHL,AMD,Aeromonas salmonicida 99-1 MIC 8 µg/ml Salmonella enterica serovar typhimurium MS7953s MIC 4 µg/ml Pseudomonas aeruginosa K799 MIC 8 µg/ml Escherichia coli CGSC 4908 MIC 8 µg/ml Escherichia coli DC2 MIC 8 µg/ml Staphylococcus aureus C623 MIC 4 µg/ml Human promyelocytic leukemia HL-60 50% Cell death 64 µg/ml Human erythrocytes 50% Hemolysis 64 µg/ml Zebrafish embryos >10% Killing 5 µM,,DBAASP,21,L,,Linear,
886,1000,,GWKKWFTKGERLSQRHFA,,Aeromonas salmonicida 99-1 MIC >64 µg/ml Salmonella enterica serovar typhimurium MS7953s MIC 32 µg/ml Pseudomonas aeruginosa K799 MIC >64 µg/ml Escherichia coli CGSC 4908 MIC 64 µg/ml Escherichia coli DC2 MIC 64 µg/ml Staphylococcus aureus C623 MIC >64 µg/ml Human promyelocytic leukemia HL-60 50% Cell death >128 µg/ml Human erythrocytes 50% Hemolysis >256 µg/ml,,DBAASP,18,L,,Linear,
887,1001,,FLGLLFHGVHHVGKWIHGLIHGHH,AMD,Aeromonas salmonicida 99-1 MIC 64 µg/ml Salmonella enterica serovar typhimurium MS7953s MIC 16 µg/ml Pseudomonas aeruginosa K799 MIC 32 µg/ml Escherichia coli CGSC 4908 MIC 32 µg/ml Escherichia coli DC2 MIC 32 µg/ml Staphylococcus aureus C623 MIC 8 µg/ml Human promyelocytic leukemia HL-60 50% Cell death 32 µg/ml Human erythrocytes 50% Hemolysis 16 µg/ml,,DBAASP,24,L,,Linear,
888,1002,,GFLGILFHGVHHGRKKALHMNSERRS,,Aeromonas salmonicida 99-1 MIC >64 µg/ml Salmonella enterica serovar typhimurium MS7953s MIC >64 µg/ml Pseudomonas aeruginosa K799 MIC >64 µg/ml Escherichia coli CGSC 4908 MIC >64 µg/ml Escherichia coli DC2 MIC >64 µg/ml Staphylococcus aureus C623 MIC >64 µg/ml Human promyelocytic leukemia HL-60 50% Cell death >128 µg/ml Human erythrocytes 50% Hemolysis >256 µg/ml,,DBAASP,26,L,,Linear,
889,1003,,GWGSFFKKAAHVGKHVGKAALTHYL,,Escherichia coli D31 MIC 3.1 µg/ml Escherichia coli D31 MIC 25 µg/ml Escherichia coli D31 MIC 25 µg/ml Escherichia coli D31 MIC >100 µg/ml Escherichia coli D31 MIC 3.1 µg/ml Pseudomonas aeruginosa 8613-1 MIC 28.0 µg/ml Pseudomonas aeruginosa MIC 37.3 µg/ml Klebsiella pneumoniae MIC 12.6-15.4 µg/ml Klebsiella pneumoniae MIC >100 µg/ml Staphylococcus aureus 8538 MIC 62.5 µg/ml Staphylococcus aureus 8580 MIC 74.7 µg/ml Candida albicans 8562 MIC 15.4 µg/ml Candida albicans 11301 MIC 24.8 µg/ml Escherichia coli D31 MIC 2.2-3.3 µM Cytophaga aquatilis ATCC 29551 MIC 2.2-4.4 µM Mannheimia haemolytica MIC 4.4-8.8 µM Bacillus subtilis MIC 1.1-2.2 µM Staphylococcus aureus MIC 17.7-35.0 µM Vibrio anguillarum MIC 16 µg/ml Salmonella enterica subsp. enterica serovar Typhimurium ATCC 14028s MIC 32 µg/ml Pseudomonas aeruginosa K799 MIC 64 µg/ml Staphylococcus epidermidis C621 MIC 64 µg/ml Staphylococcus xylosus BCRC 12930 MIC 16 µg/ml Listeria monocytogenes BCRC 14845 MIC 32 µg/ml Streptococcus iniae MIC 128 µg/ml Klebsiella oxytoca BCRC 13985 MIC 8 µg/ml Escherichia coli BCRC 10675 MIC 16 µg/ml Enterobacter cloacae BCRC 10401 MIC 4 µg/ml Vibrio alginolyticus BCRC 12829 MIC 128 µg/ml Vibrio anguillarum serotype O1 MIC 128 µg/ml Vibrio parahaemolyticus BCRC 10806 MIC 128 µg/ml Staphylococcus aureus IFO 12732 MIC 16 µg/ml Escherichia coli IFO 12734 MIC 4 µg/ml Alternaria sp. MIC 3.12 µg/ml Fusarium oxysporum MFC 6.25 µg/ml Aspergillus niger MFC 3.12 µg/ml Aspergillus ochraceus MFC >25 µg/ml Fulvia fulva MFC 25 µg/ml Colletotrichum sp. MFC 3.12 µg/ml Human hepatocellular carcinoma J5 IC50 54.9 µM Listeria ivanovii Li4 MIC 64 µg/ml Aeromonas salmonicida MIC 2 µg/ml Human erythrocytes <5% Hemolysis 128 µg/ml Mouse fibroblasts NIH 3T3 50% Cell death 350 µM Listeria ivanovii Li4 16519 MIC µg/ml Listeria ivanovii Li4 1250 MIC µg/ml Listeria ivanovii Li4 965 MIC µg/ml Aeromonas salmonicida 17243 MIC µg/ml Aeromonas salmonicida 17244 MIC µg/ml,,DBAASP,25,L,,Linear,
890,1004,,GWGSFFKKAAHVGKHVGKAALTHYL,AMD,Aeromonas salmonicida 99-1 MIC 2 µg/ml Salmonella enterica serovar typhimurium MS7953s MIC 2 µg/ml Pseudomonas aeruginosa K799 MIC 8 µg/ml Escherichia coli CGSC 4908 MIC 2 µg/ml Escherichia coli DC2 MIC 2 µg/ml Staphylococcus aureus C623 MIC 8 µg/ml Pseudomonas aeruginosa Z61 MIC 8 µg/ml Aeromonas salmonicida MIC 1 µg/ml Pseudomonas aeruginosa K799 MIC 4 µg/ml Malassezia furfur KCTC 7744 MIC 5 µM Staphylococcus aureus ATCC 25923 MIC 0.45-1 µM Staphylococcus epidermidis KCTC 1917 MIC 0.23 µM Enterococcus faecium KVRE26 MIC 0.9 µM Pseudomonas aeruginosa 03K013 MIC 0.45 µM Escherichia coli O157:H7 ATCC 43895 MIC 0.12 µM Saccharomyces cerevisiae KCTC 7296 MIC 5 µM Streptococcus mutans UA159 MIC 8 µg/ml Streptococcus mutans UA140 MIC 16 µg/ml Streptococcus sanguinis ATCC 10556 MIC 32 µg/ml Streptococcus sobrinus ATCC 6715 MIC 8 µg/ml Streptococcus gordonii ATCC 10558 MIC 8 µg/ml Lactobacillus acidophilus ATCC 4356 MIC 128 µg/ml Lacticaseibacillus casei ATCC 393 MIC 32 µg/ml Limosilactobacillus fermentum ATCC 9338  MIC 2 µg/ml Enterococcus faecalis ATCC 29212 MIC >256 µg/ml Human gastric adenocarcinoma AGS IC50 29 µM Human hepatocellular carcinoma Huh7 IC50 60.0 µM Staphylococcus aureus ATCC 25923 MIC 1 µM Listeria monocytogenes KCTC 3710 MIC 2 µM Pseudomonas aeruginosa ATCC 15692 MIC 2 µM Staphylococcus aureus 254422 MIC 2 µM Staphylococcus aureus 950805 MIC 2 µM Enterococcus faecium ATCC 19434 MIC 2.5-5 µM Pseudomonas aeruginosa ATCC 27853 MIC 5 µM Edwardsiella ictaluri S97-773 MIC >200 µg/ml Aeromonas hydrophila ML09-119 MIC 25 µg/ml Flavobacterium columnare GL-001 MIC >200 µg/ml Streptococcus mutans UA159 MBEC50 32 µg/ml Human erythrocytes 0% Hemolysis 25 µM Human erythrocytes 77% Hemolysis 100 µM Human erythrocytes 7% Hemolysis 100 µM Zebrafish embryos 100% Killing 5 µM,,DBAASP,25,L,,Linear,
891,1005,,GFGALFKFLAKKVAKTVAKQAAKQGAKYVVNKQME,AMD,Escherichia coli ATCC 25922 MIC 0.31-0.63 µM Staphylococcus aureus ATCC 29213 MIC 0.31-0.63 µM Drosophila melanogaster LD50 6.3 nmol/g  Paracoccus denitrificans MIC 0.078-0.156 µM Trypanosoma brucei rhodesiense IC50 0.055-0.061 µM Plasmodium falciparum IC50 0.029-0.034 µM Human B-lymphoma RAJI EC50 0.19 µM Human lymphoblastic leukemia Molt-4 EC50 0.33 µM Human cervical carcinoma HeLa EC50 0.15 µM Human erythrocytes 50% Hemolysis 7.8 µM,,DBAASP,35,L,,Linear,
897,1011,,GLFLDTLKGAAKDVAGKLEGLKCKITGCKLP,,Staphylococcus aureus MIC 60 µM Human lung carcinoma A549 IC50 >128 µM Human cervical carcinoma HeLa IC50 >128 µM Human erythrocytes 0% Hemolysis 20 µg/ml Sheep erythrocytes <10% Hemolysis 256 µM,23 28 DSB SSB CST ,DBAASP,31,L,,Linear,
908,1022,,GIFSKLAGKKLKNLLISG,AMD,Pseudomonas aeruginosa MIC 8 µM Pseudomonas aeruginosa ATCC 27853 MIC 8 µM Pseudomonas aeruginosa 1 MIC 8 µM Candida albicans MIC 2-4 µM Candida albicans ATCC 10231 80% Killing 16 µM Corynebacterium jeikeium ATCC BAA-949 MBC 8 µM Human lung carcinoma A549 20% Killing 64 µM Sheep erythrocytes 10% Hemolysis 64 µM,,DBAASP,18,L,,Linear,
912,1026,,FVQWFSKFLGRIL,AMD,Pseudomonas aeruginosa MIC 64 µM Acinetobacter junii RT-4 MIC 3 µM Escherichia coli ATCC 25922 MIC 10-12 µM Pseudomonas syringae pv. tabaci 1918NCPPB MIC 6 µM Pseudomonas aeruginosa ATCC 27853 MIC >48 µM Bacillus megaterium Bm11 MIC 1.5-2.5 µM Staphylococcus aureus Cowan 1 MIC 2.5-3 µM Staphylococcus epidermidis ATCC 12228 MIC 1.25-3 µM Candida albicans ATCC 10231 MIC 12 µM Saccharomyces cerevisiae MIC 6 µM Human myelogenous leukemia K562 LC50 7.5-10 µM Leishmania mexicana MNYC/BZ/62/M379 (promastigote) ED50 5 µM Escherichia coli ATCC 9637 MIC 12.5 µM Pseudomonas aeruginosa ATCC BAA-427 MIC 7.6 µM Bacillus subtilis ATCC 6633 MIC 7.6 µM Staphylococcus aureus ATCC 700698 MIC 3.6 µM Staphylococcus aureus ATCC BAA-44 MIC 3.6 µM Staphylococcus aureus ATCC 33592 MIC 3.6 µM Cryptococcus neoformans MIC 12 µM Escherichia coli ATCC 25922 MIC 15.2 µM Aeromonas hydrophila Rt-6 MIC 40 µM Acinetobacter baumannii ATCC BAA-747 MIC 4 µM Klebsiella pneumoniae ATCC 700603 MIC 16 µM Enterococcus faecium ATCC 700221 MIC 8 µM HSV-1 IC90 I 15.66 µM Human parainfluenza virus 3 ( HPIV3) IC90 I >50 µM Human erythrocytes 94% Hemolysis 24 µM Human erythrocytes 48% Hemolysis 6 µM Human erythrocytes 3% Hemolysis 1.5 µM Mouse fibroblasts NIH 3T3 LC 40 µM Escherichia coli D21 506 MIC µM Escherichia coli ATCC 25922 506 MIC µM Pseudomonas aeruginosa ATCC 15692 506 MIC µM Aeromonas hydrophila Rt-6 506 MIC µM Staphylococcus aureus ATCC 25923 506 MIC µM Staphylococcus aureus Cowan 1 506 MIC µM Bacillus megaterium Bm11 506 MIC µM Staphylococcus epidermidis ATCC 12228 506 MIC µM Escherichia coli ATCC 25922 20276 MIC µM Escherichia coli ATCC 25922 20273 MIC µM Escherichia coli ATCC 25922 20278 MIC µM Escherichia coli ATCC 25922 20275 MIC µM Escherichia coli ATCC 25922 1739 MIC µM Escherichia coli ATCC 25922 2363 MIC µM Staphylococcus aureus ATCC 43300 12519 MIC µM Staphylococcus aureus ATCC 43300 20274 MIC µg/ml Staphylococcus aureus ATCC 43300 20271 MIC µM Staphylococcus aureus ATCC 43300 5135 MIC µM Enterococcus faecium ATCC 700221 20278 MIC µM Enterococcus faecium ATCC 700221 5135 MIC µM Acinetobacter baumannii ATCC BAA-747 20274 MIC µM Acinetobacter baumannii ATCC BAA-747 5135 MIC µM,,DBAASP,13,L,,Linear,
936,1052,,PFWRIRIRR,AMD,Escherichia coli ATCC 25922 MIC 8-16 µg/ml Pseudomonas aeruginosa PAO1 MBC 64 µg/ml Human promyelocytic leukemia HL-60 IC50 247.62 µM Staphylococcus aureus USA 100 MIC 12.5 µM Pseudomonas aeruginosa ATCC 9027 MIC 100 µM Escherichia coli ATCC 25922 MIC 10 µM Enterobacter cloacae ATCC 49141 MIC 40 µM Staphylococcus aureus ATCC 6538P MIC 40 µM Bacillus megaterium Bm11 MIC 1.25 µM Escherichia coli ATCC 11303 MIC 4 µg/ml Escherichia coli ATCC 11303 MIC 128 µg/ml Staphylococcus aureus ATCC 12600 MIC >128 µg/ml Pseudomonas aeruginosa Ps4 MIC 62.5 µg/ml Pseudomonas aeruginosa PAO1  NA  Human erythrocytes 2% Hemolysis 500 µg/ml Human erythrocytes 10.4±2.4 Hemolysis 8 µg/ml Human dermal fibroblasts LC50 >100 µM Pseudomonas aeruginosa Ps4 Novobiocin MIC µg/ml,,DBAASP,9,L,,Linear,
955,1074,,KNLRRIIRKIIHIIKKYG,,Pseudomonas aeruginosa MIC 0.125-16 µg/ml Pseudomonas aeruginosa MIC90 16 µg/ml Stenotrophomonas maltophilia MEC 0.5-2.2 µg/ml Staphylococcus aureus 930918 MEC 1.0±0.13 µg/ml Mannheimia haemolytica Serovar 1 MBC 0.8±0.2 µg/ml Mannheimia haemolytica Serovar 2 MBC 0.5±0.1 µg/ml Mannheimia haemolytica Serovar 6 MBC 0.2±0.0 µg/ml Bibersteinia trehalosi MBC 1.0±0.2 µg/ml Salmonella enterica subsp. arizonae MBC 6.7±1.7 µg/ml Pasteurella multocida MBC 0.8±0.2 µg/ml Klebsiella pneumoniae MBC 0.8±0.2 µg/ml Pseudomonas aeruginosa PAO1 MBC 2.5±0.0 µg/ml Corynebacterium pseudotuberculosis ATCC 19410 MBC >20.0 µg/ml Staphylococcus aureus MBC >20.0 µg/ml Aspergillus fumigatus MBC 20.0±0.0 µg/ml Human lung carcinoma A549 99.7% Cytotoxicity 200 µg/ml Staphylococcus aureus ATCC 29213 MBC 139.7±25.8 µM Staphylococcus aureus ATCC 43300 MBC >250 µM Enterococcus faecalis ATCC 29212 MBC  72.4±13.7 µM Pseudomonas aeruginosa PAO1 MBC 95.9±9.8 µM Klebsiella aerogenes ATCC 13048 MBC 135.2±26.3 µM Klebsiella pneumoniae ATCC 13883 MBC 21.7±3.7 µM Acinetobacter baumannii ATCC 19606 MBC 2.0±1.0 µM Escherichia coli ATCC 25922 MBC 8.5±0.7 µM Fusobacterium nucleatum ATCC 25586 MBC 4.7±3.5 µM Streptococcus mutans Ingbritt MBC 11.3±5.3 µM Human erythrocytes 70% Hemolysis 80 µg/ml,,DBAASP,18,L,,Linear,
985,1104,,GEILCNLCTGLINTLENLLTTKGADKVKDYISSLCNKASGFIATLCTKVLDFGIDKLIQLIEDKVDANAICAKIHAC,,Micrococcus luteus 004 IC50 1.9 µM Bacillus subtilis 60015 IC50 27 µM Escherichia coli ATCC 23716 IC50 >15 µM Human histiocytic lymphoma U-937 LC50 80 µM Human erythrocytes 10% Hemolysis 10 µM,5 77 DSB SSB CST  35 46 DSB SSB CST ,DBAASP,77,L,,Linear,
986,1105,,GFIATLCTKVLDFGIDKLIQLIEDK,,Micrococcus luteus 004 IC50 46 µM Bacillus subtilis 60015 IC50 80 µM Escherichia coli ATCC 23716 IC50 >100 µM Human histiocytic lymphoma U-937 LC50 80 µM Human erythrocytes 10% Hemolysis 10 µM,,DBAASP,25,L,,Linear,
987,1106,,GEILCNLCTGLINTLENLLTTKRKRQQ,AMD,Micrococcus luteus 004 IC50 0.7 µM Bacillus subtilis 60015 IC50 1.5 µM Escherichia coli ATCC 23716 IC50 6.2 µM Human histiocytic lymphoma U-937 LC 50 µM Human erythrocytes 50% Hemolysis 10 µM,,DBAASP,27,L,,Linear,
