id,db,seq,len,topology,stereo,nterm,cterm,cell_line,ic50,units,ss_bridge
102,DBAASP,ALWKTLLKKVLKAAAKAALKAVLVGANA,28,Linear,L,Free,Free,Hep2,75.71,µg/ml,Free
102,DBAASP,ALWKTLLKKVLKAAAKAALKAVLVGANA,28,Linear,L,Free,Free,HeLa,37.39,µg/ml,Free
102,DBAASP,ALWKTLLKKVLKAAAKAALKAVLVGANA,28,Linear,L,Free,Free,HMC3,20.89,µg/ml,Free
146,DBAASP,KRIVQRIKDFLR,12,Linear,L,Free,Free,CEM-SS,63.5,µM,Free
160,DBAASP,VRRFPWWWPFLRR,13,Linear,L,Free,Free,MDA-MB-361,142.0,µg/ml,Free
160,DBAASP,VRRFPWWWPFLRR,13,Linear,L,Free,Free,3T3,145.0,µg/ml,Free
160,DBAASP,VRRFPWWWPFLRR,13,Linear,L,Free,Free,PBMC,40.6,µM,Free
197,DBAASP,KKLFKKILKYL,11,Linear,L,Free,Amidation,MCF-7,27.6,µM,Free
197,DBAASP,KKLFKKILKYL,11,Linear,L,Free,Amidation,K562,30.4,µM,Free
197,DBAASP,KKLFKKILKYL,11,Linear,L,Free,Amidation,CAPAN-1,57.7,µM,Free
197,DBAASP,KKLFKKILKYL,11,Linear,L,Free,Amidation,HepG2,27.9,µM,Free
197,DBAASP,KKLFKKILKYL,11,Linear,L,Free,Amidation,GES-1,57.9,µM,Free
197,DBAASP,KKLFKKILKYL,11,Linear,L,Free,Amidation,3T3,62.5,µM,Free
230,DBAASP,KWKLFKKIPKFLHLAKKF,18,Linear,L,Free,Amidation,K562,8.28,µM,Free
230,DBAASP,KWKLFKKIPKFLHLAKKF,18,Linear,L,Free,Amidation,MDA-MB-361,8.0,µM,Free
230,DBAASP,KWKLFKKIPKFLHLAKKF,18,Linear,L,Free,Amidation,K562,3.5,µM,Free
230,DBAASP,KWKLFKKIPKFLHLAKKF,18,Linear,L,Free,Amidation,3T3,75.0,µM,Free
257,DBAASP,LKlLKkLlkKLLkLL,15,Linear,Mix,Free,Amidation,22RV1,6.0,µM,Free
257,DBAASP,LKlLKkLlkKLLkLL,15,Linear,Mix,Free,Amidation,MDA-MB-231,3.0,µM,Free
257,DBAASP,LKlLKkLlkKLLkLL,15,Linear,Mix,Free,Amidation,3T3,100.0,µM,Free
257,DBAASP,LKlLKkLlkKLLkLL,15,Linear,Mix,Free,Amidation,2783N,20.0,µM,Free
260,DBAASP,RWRWRW,6,Linear,L,Free,Amidation,HT29,132.0,µM,Free
264,DBAASP,KWKSFAKTFKSAKKTVLHTALKAISS,26,Linear,L,Acetylation,Amidation,A549,53.1,µM,Free
264,DBAASP,KWKSFAKTFKSAKKTVLHTALKAISS,26,Linear,L,Acetylation,Amidation,MCF-7,62.3,µM,Free
264,DBAASP,KWKSFAKTFKSAKKTVLHTALKAISS,26,Linear,L,Acetylation,Amidation,rhabdomyosarcoma,83.6,µM,Free
264,DBAASP,KWKSFAKTFKSAKKTVLHTALKAISS,26,Linear,L,Acetylation,Amidation,B16,62.6,µM,Free
264,DBAASP,KWKSFAKTFKSAKKTVLHTALKAISS,26,Linear,L,Acetylation,Amidation,SGC-7901,78.87,µM,Free
265,DBAASP,KWKSFLKTFKSAKKTVLHTALKAISS,26,Linear,L,Acetylation,Amidation,A375,17.8,µM,Free
265,DBAASP,KWKSFLKTFKSAKKTVLHTALKAISS,26,Linear,L,Acetylation,Amidation,SW1116,11.1,µM,Free
265,DBAASP,KWKSFLKTFKSAKKTVLHTALKAISS,26,Linear,L,Acetylation,Amidation,H1299,4.7,µM,Free
265,DBAASP,KWKSFLKTFKSAKKTVLHTALKAISS,26,Linear,L,Acetylation,Amidation,HeLa,10.4,µM,Free
267,DBAASP,KWKSFLKTFKSLKKTVLHTALKAISS,26,Linear,L,Acetylation,Amidation,A549,11.1,µM,Free
267,DBAASP,KWKSFLKTFKSLKKTVLHTALKAISS,26,Linear,L,Acetylation,Amidation,MCF-7,5.0,µM,Free
267,DBAASP,KWKSFLKTFKSLKKTVLHTALKAISS,26,Linear,L,Acetylation,Amidation,rhabdomyosarcoma,7.5,µM,Free
267,DBAASP,KWKSFLKTFKSLKKTVLHTALKAISS,26,Linear,L,Acetylation,Amidation,B16,5.2,µM,Free
268,DBAASP,KWKSFLKTFKSAKKTVLHTLLKAISS,26,Linear,L,Acetylation,Amidation,A549,8.7,µM,Free
268,DBAASP,KWKSFLKTFKSAKKTVLHTLLKAISS,26,Linear,L,Acetylation,Amidation,MCF-7,5.1,µM,Free
268,DBAASP,KWKSFLKTFKSAKKTVLHTLLKAISS,26,Linear,L,Acetylation,Amidation,rhabdomyosarcoma,9.8,µM,Free
268,DBAASP,KWKSFLKTFKSAKKTVLHTLLKAISS,26,Linear,L,Acetylation,Amidation,B16,7.8,µM,Free
268,DBAASP,KWKSFLKTFKSAKKTVLHTLLKAISS,26,Linear,L,Acetylation,Amidation,SGC-7901,6.62,µM,Free
270,DBAASP,KWKSFLKTFKSLKKTVLHTLLKAISS,26,Linear,L,Acetylation,Amidation,HeLa,1.71,µM,Free
270,DBAASP,KWKSFLKTFKSLKKTVLHTLLKAISS,26,Linear,L,Acetylation,Amidation,A375,8.7,µM,Free
270,DBAASP,KWKSFLKTFKSLKKTVLHTLLKAISS,26,Linear,L,Acetylation,Amidation,SW1116,4.3,µM,Free
270,DBAASP,KWKSFLKTFKSLKKTVLHTLLKAISS,26,Linear,L,Acetylation,Amidation,H1299,4.1,µM,Free
270,DBAASP,KWKSFLKTFKSLKKTVLHTLLKAISS,26,Linear,L,Acetylation,Amidation,SGC-7901,2.96,µM,Free
271,DBAASP,KWKSFLKTFKSLKKTVLHTLLKLISS,26,Linear,L,Acetylation,Amidation,A549,9.2,µM,Free
271,DBAASP,KWKSFLKTFKSLKKTVLHTLLKLISS,26,Linear,L,Acetylation,Amidation,MCF-7,5.7,µM,Free
271,DBAASP,KWKSFLKTFKSLKKTVLHTLLKLISS,26,Linear,L,Acetylation,Amidation,rhabdomyosarcoma,5.5,µM,Free
271,DBAASP,KWKSFLKTFKSLKKTVLHTLLKLISS,26,Linear,L,Acetylation,Amidation,B16,4.6,µM,Free
360,DBAASP,GIGKFLHSAKKFGKAFVGEIMNS,23,Linear,L,Free,Free,AGS,97.0,µM,Free
360,DBAASP,GIGKFLHSAKKFGKAFVGEIMNS,23,Linear,L,Free,Free,Huh7,145.2,µM,Free
360,DBAASP,GIGKFLHSAKKFGKAFVGEIMNS,23,Linear,L,Free,Free,3T3,500.0,µM,Free
447,DBAASP,KWKLFKKIGAVLKVL,15,Linear,L,Free,Amidation,S3,30.0,µg/ml,Free
447,DBAASP,KWKLFKKIGAVLKVL,15,Linear,L,Free,Amidation,MCF-7,45.0,µg/ml,Free
447,DBAASP,KWKLFKKIGAVLKVL,15,Linear,L,Free,Amidation,PBMC,12.9,µM,Free
491,DBAASP,ILPWKWPWWPWRR,13,Linear,L,Free,Amidation,SW480,345.0,µg/ml,Free
491,DBAASP,ILPWKWPWWPWRR,13,Linear,L,Free,Amidation,H1299,270.0,µg/ml,Free
491,DBAASP,ILPWKWPWWPWRR,13,Linear,L,Free,Amidation,PC-3,290.0,µg/ml,Free
491,DBAASP,ILPWKWPWWPWRR,13,Linear,L,Free,Amidation,J774A.1,11.0,µM,Free
536,DBAASP,GLFGKLIKKFGRKAISYAVKKARGKH,26,Linear,L,Free,Free,K562,3.0,µM,Free
536,DBAASP,GLFGKLIKKFGRKAISYAVKKARGKH,26,Linear,L,Free,Free,leukocytes,18.0,µM,Free
564,DBAASP,GKPRPYSPRPTSHPRPIRV,19,Linear,L,Free,Free,CEM-SS,45.5,µM,Free
565,DBAASP,GFFGKMKEYFKKFGASFKRRFANLKKRL,28,Linear,L,Free,Amidation,K562,12.0,µM,Free
571,DBAASP,KWKLFKKIEKVGQNIRDGIIKAGPAVAVVGQATQIAK,37,Linear,L,Free,Amidation,K562,20.0,µM,Free
571,DBAASP,KWKLFKKIEKVGQNIRDGIIKAGPAVAVVGQATQIAK,37,Linear,L,Free,Amidation,CCRF-CEM,17.8,µM,Free
573,DBAASP,KWKVFKKIEKMGRNIRNGIVKAGPAIAVLGEAKAL,35,Linear,L,Free,Amidation,AGS,50.0,µM,Free
573,DBAASP,KWKVFKKIEKMGRNIRNGIVKAGPAIAVLGEAKAL,35,Linear,L,Free,Amidation,CCRF-CEM,11.7,µM,Free
573,DBAASP,KWKVFKKIEKMGRNIRNGIVKAGPAIAVLGEAKAL,35,Linear,L,Free,Amidation,NCI-H661,100.0,µM,Free
573,DBAASP,KWKVFKKIEKMGRNIRNGIVKAGPAIAVLGEAKAL,35,Linear,L,Free,Amidation,RPMI-7666,200.0,µM,Free
573,DBAASP,KWKVFKKIEKMGRNIRNGIVKAGPAIAVLGEAKAL,35,Linear,L,Free,Amidation,WI-38,100.0,µM,Free
609,DBAASP,ALWDTLLKKVLKAAAKAALDAVLVGANA,28,Linear,L,Free,Free,HeLa,24.12,µg/ml,Free
611,DBAASP,ALWKTLLKKVLKAAAKAALNAVLVGANA,28,Linear,L,Free,Free,HeLa,28.11,µg/ml,Free
611,DBAASP,ALWKTLLKKVLKAAAKAALNAVLVGANA,28,Linear,L,Free,Free,Vero,12.0,µM,Free
616,DBAASP,TLLKKVLKAAAKAALNAVLVGANA,24,Linear,L,Free,Free,HeLa,103.11,µg/ml,Free
619,DBAASP,ALWKTLLKKVLKAAAK,16,Linear,L,Free,Free,HeLa,28.51,µg/ml,Free
619,DBAASP,ALWKTLLKKVLKAAAK,16,Linear,L,Free,Free,HMC3,37.3,µg/ml,Free
626,DBAASP,FLGALFKVASKVLPSVKCAITKKC,24,Linear,L,Free,Free,A498,138.06,µg/ml,C18-C24
626,DBAASP,FLGALFKVASKVLPSVKCAITKKC,24,Linear,L,Free,Free,116,113.31,µg/ml,C18-C24
626,DBAASP,FLGALFKVASKVLPSVKCAITKKC,24,Linear,L,Free,Free,45,34.96,µg/ml,C18-C24
626,DBAASP,FLGALFKVASKVLPSVKCAITKKC,24,Linear,L,Free,Free,PC-3,43.64,µg/ml,C18-C24
626,DBAASP,FLGALFKVASKVLPSVKCAITKKC,24,Linear,L,Free,Free,SK-OV-3,38.28,µg/ml,C18-C24
628,DBAASP,GRFKRFRKKFKKLFKKLS,18,Linear,L,Free,Amidation,A549,100.0,µM,Free
655,DBAASP,FLGALFKWASK,11,Linear,L,Free,Free,A498,214.33,µg/ml,Free
655,DBAASP,FLGALFKWASK,11,Linear,L,Free,Free,116,144.37,µg/ml,Free
655,DBAASP,FLGALFKWASK,11,Linear,L,Free,Free,45,142.72,µg/ml,Free
655,DBAASP,FLGALFKWASK,11,Linear,L,Free,Free,PC-3,174.15,µg/ml,Free
672,DBAASP,RGGRLCYCRRRFCVCVGR,18,Linear,L,Free,Amidation,KG-1,80.0,µM,C6-C15
672,DBAASP,RGGRLCYCRRRFCVCVGR,18,Linear,L,Free,Amidation,ARH-77,13.4,µM,C6-C15
672,DBAASP,RGGRLCYCRRRFCVCVGR,18,Linear,L,Free,Amidation,SH-SY5Y,719.2,µM,C6-C15
672,DBAASP,RGGRLCYCRRRFCVCVGR,18,Linear,L,Free,Amidation,PBMC,10.0,µM,C6-C15
672,DBAASP,RGGRLCYCRRRFCVCVGR,18,Linear,L,Free,Amidation,661W,353.4,µM,C6-C15
672,DBAASP,RGGRLCYCRRRFCVCVGR,18,Linear,L,Free,Amidation,HEK293T,590.4,µM,C6-C15
672,DBAASP,RGGRLCYCRRRFCVCVGR,18,Linear,L,Free,Amidation,neutrophils,391.1,µM,C6-C15
716,DBAASP,FPVTWRWWKWWKG,13,Linear,L,Free,Amidation,HeLa,250.0,µg/ml,Free
716,DBAASP,FPVTWRWWKWWKG,13,Linear,L,Free,Amidation,3T3,250.0,µg/ml,Free
763,DBAASP,GIGKFLKKAKKFGKAFVKILKK,22,Linear,L,Free,Amidation,SW480,34.0,µg/ml,Free
763,DBAASP,GIGKFLKKAKKFGKAFVKILKK,22,Linear,L,Free,Amidation,H1299,150.0,µg/ml,Free
763,DBAASP,GIGKFLKKAKKFGKAFVKILKK,22,Linear,L,Free,Amidation,HaCat,1.05,µg/ml,Free
764,DBAASP,LLGDFFRKSKEKIGKEFKRIVQRIKDFLRNLVPRTES,37,Linear,L,Free,Free,U-937/GTB,10.0,µM,Free
779,DBAASP,GLFDIIKKIAESF,13,Linear,L,Free,Amidation,leukemia,10.0,µM,Free
779,DBAASP,GLFDIIKKIAESF,13,Linear,L,Free,Amidation,cancer,10.0,µM,Free
779,DBAASP,GLFDIIKKIAESF,13,Linear,L,Free,Amidation,melanoma,10.0,µM,Free
779,DBAASP,GLFDIIKKIAESF,13,Linear,L,Free,Amidation,cancer,10.0,µM,Free
779,DBAASP,GLFDIIKKIAESF,13,Linear,L,Free,Amidation,cancer,10.0,µM,Free
780,DBAASP,GLFDIAKKVIGVIGSL,16,Linear,L,Free,Amidation,cancer,10.0,µM,Free
780,DBAASP,GLFDIAKKVIGVIGSL,16,Linear,L,Free,Amidation,cancer,10.0,µM,Free
780,DBAASP,GLFDIAKKVIGVIGSL,16,Linear,L,Free,Amidation,carcinoma,10.0,µM,Free
780,DBAASP,GLFDIAKKVIGVIGSL,16,Linear,L,Free,Amidation,cancer,10.0,µM,Free
781,DBAASP,GLFDIVKKIAGHIVSSI,17,Linear,L,Free,Amidation,cancer,10.0,µM,Free
781,DBAASP,GLFDIVKKIAGHIVSSI,17,Linear,L,Free,Amidation,cancer,10.0,µM,Free
781,DBAASP,GLFDIVKKIAGHIVSSI,17,Linear,L,Free,Amidation,carcinoma,10.0,µM,Free
781,DBAASP,GLFDIVKKIAGHIVSSI,17,Linear,L,Free,Amidation,cancer,10.0,µM,Free
832,DBAASP,GIGTKILGGVKTALKGALKELASTYAN,27,Linear,L,Free,Amidation,C8166,15.3,µg/ml,Free
832,DBAASP,GIGTKILGGVKTALKGALKELASTYAN,27,Linear,L,Free,Amidation,BIU-87,20.5,µg/ml,Free
841,DBAASP,GIGGVLLSAGKAALKGLAKVLAEKYAN,27,Linear,L,Free,Amidation,C8166,24.2,µg/ml,Free
841,DBAASP,GIGGVLLSAGKAALKGLAKVLAEKYAN,27,Linear,L,Free,Amidation,BIU-87,50.0,µg/ml,Free
843,DBAASP,SIGAKILGGVKTFFKGALKELASTYLQ,27,Linear,L,Free,Free,C8166,34.4,µg/ml,Free
843,DBAASP,SIGAKILGGVKTFFKGALKELASTYLQ,27,Linear,L,Free,Free,BIU-87,50.0,µg/ml,Free
847,DBAASP,LLPIVGNLLKSLL,13,Linear,L,Free,Amidation,S3,93.0,µg/ml,Free
847,DBAASP,LLPIVGNLLKSLL,13,Linear,L,Free,Amidation,A549,58.0,µM,Free
847,DBAASP,LLPIVGNLLKSLL,13,Linear,L,Free,Amidation,HEK293,84.0,µg/ml,Free
850,DBAASP,GSKKPVPIIYCNRRTGKCQRM,21,Linear,L,Free,Free,HeLa,773.0,µM,C11-C18
872,DBAASP,TRSSRAGLQFPVGRVHRLLRK,21,Linear,L,Free,Free,leukemia,65.0,µM,Free
872,DBAASP,TRSSRAGLQFPVGRVHRLLRK,21,Linear,L,Free,Free,CEM-SS,41.1,µM,Free
887,DBAASP,RAGLQFPVGRLLRRLLRRLLR,21,Linear,L,Free,Free,CCRF-CEM,14.7,µg/ml,Free
887,DBAASP,RAGLQFPVGRLLRRLLRRLLR,21,Linear,L,Free,Free,K562,8.2,µg/ml,Free
887,DBAASP,RAGLQFPVGRLLRRLLRRLLR,21,Linear,L,Free,Free,RPMI-8226,10.5,µg/ml,Free
887,DBAASP,RAGLQFPVGRLLRRLLRRLLR,21,Linear,L,Free,Free,MDA-MB-231,11.3,µg/ml,Free
887,DBAASP,RAGLQFPVGRLLRRLLRRLLR,21,Linear,L,Free,Free,A549,11.7,µg/ml,Free
887,DBAASP,RAGLQFPVGRLLRRLLRRLLR,21,Linear,L,Free,Free,NCI-H460,12.1,µg/ml,Free
887,DBAASP,RAGLQFPVGRLLRRLLRRLLR,21,Linear,L,Free,Free,U251-MG,10.6,µg/ml,Free
887,DBAASP,RAGLQFPVGRLLRRLLRRLLR,21,Linear,L,Free,Free,UACC-62,10.6,µg/ml,Free
887,DBAASP,RAGLQFPVGRLLRRLLRRLLR,21,Linear,L,Free,Free,ACHN,12.0,µg/ml,Free
887,DBAASP,RAGLQFPVGRLLRRLLRRLLR,21,Linear,L,Free,Free,SK-OV-3,12.6,µg/ml,Free
887,DBAASP,RAGLQFPVGRLLRRLLRRLLR,21,Linear,L,Free,Free,HCT-15,13.2,µg/ml,Free
887,DBAASP,RAGLQFPVGRLLRRLLRRLLR,21,Linear,L,Free,Free,SW620,12.7,µg/ml,Free
887,DBAASP,RAGLQFPVGRLLRRLLRRLLR,21,Linear,L,Free,Free,DU145,15.3,µg/ml,Free
904,DBAASP,WKLFKKILKVL,11,Linear,L,Free,Amidation,HeLa,18.0,µg/ml,Free
904,DBAASP,WKLFKKILKVL,11,Linear,L,Free,Amidation,RAJI,15.0,µg/ml,Free
915,DBAASP,KKLFKKILKFL,11,Linear,L,Free,Amidation,CAPAN-1,23.5,µM,Free
915,DBAASP,KKLFKKILKFL,11,Linear,L,Free,Amidation,3T3,13.5,µM,Free
926,DBAASP,FLGWLFKVASK,11,Linear,L,Free,Free,A498,73.26,µg/ml,Free
926,DBAASP,FLGWLFKVASK,11,Linear,L,Free,Free,116,30.48,µg/ml,Free
926,DBAASP,FLGWLFKVASK,11,Linear,L,Free,Free,45,82.7,µg/ml,Free
926,DBAASP,FLGWLFKVASK,11,Linear,L,Free,Free,PC-3,123.81,µg/ml,Free
926,DBAASP,FLGWLFKVASK,11,Linear,L,Free,Free,SK-OV-3,92.15,µg/ml,Free
928,DBAASP,FLGWLFKWAWK,11,Linear,L,Free,Amidation,A549,20.36,µM,Free
928,DBAASP,FLGWLFKWAWK,11,Linear,L,Free,Amidation,SK-MEL-2,13.97,µM,Free
941,DBAASP,FLWWLFKWAWK,11,Linear,L,Free,Amidation,A549,15.88,µM,Free
941,DBAASP,FLWWLFKWAWK,11,Linear,L,Free,Amidation,45,13.77,µM,Free
941,DBAASP,FLWWLFKWAWK,11,Linear,L,Free,Amidation,SK-MEL-2,13.16,µM,Free
942,DBAASP,FLGWLFKWAKK,11,Linear,L,Free,Amidation,A549,25.2,µM,Free
942,DBAASP,FLGWLFKWAKK,11,Linear,L,Free,Amidation,45,26.7,µM,Free
942,DBAASP,FLGWLFKWAKK,11,Linear,L,Free,Amidation,SK-MEL-2,27.39,µM,Free
943,DBAASP,FLKWLFKWAKK,11,Linear,L,Free,Amidation,A549,14.53,µM,Free
943,DBAASP,FLKWLFKWAKK,11,Linear,L,Free,Amidation,45,22.51,µM,Free
943,DBAASP,FLKWLFKWAKK,11,Linear,L,Free,Amidation,SK-MEL-2,22.25,µM,Free
995,DBAASP,GWKSVFRKAKKVGKTVGGLALDHYL,25,Linear,L,Free,Amidation,HL-60,16.0,µg/ml,Free
996,DBAASP,GWKKWFNRAKKVGKTVGGLAVDHYL,25,Linear,L,Free,Amidation,HL-60,64.0,µg/ml,Free
997,DBAASP,RWGKWFKKATHVGKHVGKAALTAYL,25,Linear,L,Free,Amidation,HL-60,16.0,µg/ml,Free
998,DBAASP,AGWGSIFKHIFKAGKFIHGAIQAHND,26,Linear,L,Free,Amidation,HL-60,8.0,µg/ml,Free
999,DBAASP,GFWGKLFKLGLHGIGLLHLHL,21,Linear,L,Free,Amidation,HL-60,64.0,µg/ml,Free
1000,DBAASP,GWKKWFTKGERLSQRHFA,18,Linear,L,Free,Free,HL-60,128.0,µg/ml,Free
1001,DBAASP,FLGLLFHGVHHVGKWIHGLIHGHH,24,Linear,L,Free,Amidation,HL-60,32.0,µg/ml,Free
1002,DBAASP,GFLGILFHGVHHGRKKALHMNSERRS,26,Linear,L,Free,Free,HL-60,128.0,µg/ml,Free
1003,DBAASP,GWGSFFKKAAHVGKHVGKAALTHYL,25,Linear,L,Free,Free,J5,54.9,µM,Free
1003,DBAASP,GWGSFFKKAAHVGKHVGKAALTHYL,25,Linear,L,Free,Free,3T3,350.0,µM,Free
1004,DBAASP,GWGSFFKKAAHVGKHVGKAALTHYL,25,Linear,L,Free,Amidation,AGS,29.0,µM,Free
1004,DBAASP,GWGSFFKKAAHVGKHVGKAALTHYL,25,Linear,L,Free,Amidation,Huh7,60.0,µM,Free
1005,DBAASP,GFGALFKFLAKKVAKTVAKQAAKQGAKYVVNKQME,35,Linear,L,Free,Amidation,RAJI,0.19,µM,Free
1005,DBAASP,GFGALFKFLAKKVAKTVAKQAAKQGAKYVVNKQME,35,Linear,L,Free,Amidation,Molt-4,0.33,µM,Free
1005,DBAASP,GFGALFKFLAKKVAKTVAKQAAKQGAKYVVNKQME,35,Linear,L,Free,Amidation,HeLa,0.15,µM,Free
1011,DBAASP,GLFLDTLKGAAKDVAGKLEGLKCKITGCKLP,31,Linear,L,Free,Free,A549,128.0,µM,C23-C28
1011,DBAASP,GLFLDTLKGAAKDVAGKLEGLKCKITGCKLP,31,Linear,L,Free,Free,HeLa,128.0,µM,C23-C28
1026,DBAASP,FVQWFSKFLGRIL,13,Linear,L,Free,Amidation,K562,7.5,µM,Free
1052,DBAASP,PFWRIRIRR,9,Linear,L,Free,Amidation,HL-60,247.62,µM,Free
1052,DBAASP,PFWRIRIRR,9,Linear,L,Free,Amidation,fibroblasts,100.0,µM,Free
1104,DBAASP,GEILCNLCTGLINTLENLLTTKGADKVKDYISSLCNKASGFIATLCTKVLDFGIDKLIQLIEDKVDANAICAKIHAC,77,Linear,L,Free,Free,U-937,80.0,µM,C5-C77;C35-C46
1105,DBAASP,GFIATLCTKVLDFGIDKLIQLIEDK,25,Linear,L,Free,Free,U-937,80.0,µM,Free
